frame_index,material_id,formula,n_atoms,ref_bec_asr_max_abs,pred_bec_asr_max_abs
1328,mp-768223,Ce4Cs8O12,24,205.38017999999997,8.999999971948114e-07
511,mp-756156,O12Rb8Zr4,24,176.4001,1.1899999994291477e-06
506,mp-21489,O12Pb4Rb8,24,170.44041999999993,1.43000000063509e-06
1323,mp-3998,La4O16Ta4,24,167.36103999999997,5.489999993724126e-06
508,mp-555321,Ba4F16Ni4,24,164.10157999999998,6.70000001257165e-07
1329,mp-768230,O16Sm4Ta4,24,153.82496,5.939999999426959e-06
513,mp-9900,Ag8Ge4S12,24,148.61192,5.100000013413819e-07
1327,mp-768176,O16Ta4Tm4,24,136.08345999999997,1.999999994728441e-06
1322,mp-19885,Ga4In4S12,20,123.57718,8.500000039379785e-07
1332,mp-560088,Cs4F10Li6,20,111.70241999999998,9.299999995660002e-07
115,mp-568328,Fe4P16,20,110.49184000000002,7.200000029516929e-07
1330,mp-859876,Ge8N8O4,20,102.2103,2.0500000039724853e-06
515,mp-34328,Cl8Cu4Mn2,14,98.99838,7.599999995999696e-07
590,mp-13445,As4Pt2Rb4,10,73.50828,2.400000002067415e-07
535,mp-753679,Nb2O8V2,12,69.64254,2.280000004795113e-06
514,mp-20337,O6Pb2Zr2,10,68.38758,2.7400000006672087e-06
1371,mp-9672,K4Ni2P4,10,65.21170000000001,6.899999998033479e-07
565,mp-8147,As4K4Pd2,10,64.8604,2.4000000006102473e-07
1367,mp-4009,Ba2Pd2S4,8,62.23577999999999,7.300000004484275e-07
466,mp-754826,Cs2O4Sc2,8,59.31980000000001,4.7000000158448074e-07
161,mp-571636,Cl4In4,8,56.17280000000001,4.700000002522131e-07
267,mp-29889,Cl4PdTl2,7,53.39764,2.1000000027804333e-07
1041,mp-10289,C4B4Ca2,10,27.72649,3.600000009207349e-07
217,mp-768305,HfO4Sr2,7,25.31887,5.999999981298743e-07
745,mp-2059,As4Nb4,8,9.336480000000016,7.100000001258877e-07
557,mp-30133,Ba4Cu8Te8,20,7.765280000000006,4.199999987797298e-07
251,mp-22736,Cu2In2S4,8,7.7004600000000005,6.599999995415828e-07
947,mp-27517,Co2I8Rb4,14,7.040400000000001,2.500000001459668e-07
162,mp-22945,Cl2Rh2Te2,6,6.69166,4.899999999086191e-07
333,mp-27948,Bi2GeTe4,7,5.320600000000004,6.999999984103056e-07
1361,mp-17186,Al4As12Ca12,28,4.199080000000016,8.200000012337227e-07
1085,mp-8211,Ga2Ge2Te2,6,4.043810000000001,7.400000006096974e-07
549,mp-18300,Al4Ca12Sb12,28,1.803519999999999,1.000000006357027e-06
1216,mp-867266,CaMgTl2,4,1.5379700000000014,1.8000000012730055e-07
747,mp-574338,Cs3Ga9,12,1.5342400000000007,3.500000004263981e-07
1088,mp-9383,HfN2Sr,4,1.3893300000000002,1.6700000005087645e-06
1423,mp-754172,La6N6O8Ti4,24,1.3755600000000032,2.8500000053277574e-06
490,mp-554769,Br16Mo16S16,48,1.2896800000000077,3.099999997258074e-07
11,mp-31493,Ga9Rb3,12,1.2620600000000002,1.9000000017754815e-07
1261,mp-12411,Ge4Li8Zn4,16,1.0992000000000006,6.899999993592587e-07
854,mp-9947,C7Si7,14,1.0239800000000012,1.6800000000039006e-06
852,mp-938,GeTe,2,1.0008499999999998,4.799999997473492e-07
109,mp-602,Mo2Te4,6,0.9479900000000003,7.099999996817985e-07
195,mp-684798,Ag8Te4,12,0.8155599999999983,5.999999994621419e-07
555,mp-28413,Ga12Na8Sb12,32,0.8046000000000006,6.299999975034609e-07
869,mp-1321,Cd8Sb8,16,0.8031600000000032,3.5000000098150963e-07
191,mp-700,Ge4Se4,8,0.7910600000000012,9.499999986672947e-07
90,mp-1244,Ge16Sr8,24,0.7506000000000022,1.3199999981949873e-06
329,mp-14791,As2Ge2Te5,9,0.6671200000000006,1.0800000000976695e-06
416,mp-7438,K2Sb2Zn2,6,0.6553799999999992,3.49999999649242e-07
870,mp-2139,Ba8Ge16,24,0.6310000000000002,6.800000015849683e-07
107,mp-224,S4W2,6,0.6136899999999998,2.6999999980237277e-07
1212,mp-866229,Ca2HgSn,4,0.4940099999999998,1.8999999987223681e-07
33,mp-2076,Se2Zr,3,0.4889399999999995,4.799999997473492e-07
108,mp-2815,Mo2S4,6,0.4852599999999999,2.8999999968082335e-07
42,mp-23290,Cl12Pt6,18,0.4809500000000009,5.200000001703842e-07
824,mp-7262,As16Zn8,24,0.44072000000000155,3.200000000952441e-07
898,mp-1990,As16Mg24,40,0.41298000000000146,3.499999954303945e-07
382,mp-19270,Fe6O18Ti6,30,0.4103400000000126,4.51000000945001e-06
1006,mp-22386,Ag2In2Te4,8,0.40558000000000005,6.000000007944095e-07
489,mp-16238,AgLi2Sb,4,0.4025300000000005,1.8000000001627825e-07
1132,mp-10667,Ag2P2Sr2,6,0.3790300000000002,5.900000008551842e-07
361,mp-7771,As2Cd2Sr,5,0.35030999999999946,4.700000002522131e-07
1098,mp-8281,As2BaCd2,5,0.3483699999999992,5.899999999670058e-07
1073,mp-28591,HgNa4P2,7,0.3482499999999997,2.299999999344493e-07
1352,mp-11152,Pt8Sb8Si8,24,0.34627999999999837,1.3899999946609398e-06
117,mp-570285,Br32Si8,40,0.33960000000000123,2.6000000014070324e-07
1027,mp-623087,Br14Re6Te14,34,0.33726000000000034,5.699999990338434e-07
822,mp-567290,La2N2,4,0.33574000000000037,7.100000010140661e-07
335,mp-28554,AsCa2I,4,0.3303200000000004,2.300000001564939e-07
1358,mp-11265,Ba4Ca4Sn4,12,0.328479999999999,4.200000023324435e-07
517,mp-17830,Au2Ge8Rb6,16,0.3172399999999991,6.500000002684914e-07
487,mp-4043,Cu3NbSe4,8,0.31645999999999985,1.8999999995550354e-07
547,mp-16252,Ba4Ca4Ge4,12,0.31587999999999994,4.900000005747529e-07
1206,mp-866105,Ca2HgPb,4,0.3138000000000005,1.1000000021965661e-07
1250,mp-9295,Cu3TaTe4,8,0.30071999999999965,1.8000000001627825e-07
893,mp-569522,Mn6P24,30,0.2978999999999943,3.200000003755754e-06
1340,mp-510341,Au2Cs6Ge8,16,0.2973599999999985,1.9999999967268423e-07
1234,mp-30252,CaNa10Sn12,23,0.29647000000000245,3.800000001330517e-07
479,mp-30253,Na10Sn12Sr,23,0.2795299999999987,4.7000000091834693e-07
880,mp-8883,As2Ga2,4,0.27832000000000034,2.400000000957192e-07
770,mp-2441,Cd24P16,40,0.27728000000000774,1.3100000035848325e-06
744,mp-15622,Hf2Se6,8,0.27681999999999973,1.550000001238061e-06
359,mp-7430,CaCd2Sb2,5,0.27493000000000123,5.899999999670058e-07
551,mp-20726,Ca4Sn4Sr4,12,0.2738000000000014,5.400000002708794e-07
742,mp-685043,B18Br18,36,0.272980000000001,6.000000005446093e-07
1377,mp-7084,Ca4Si4Sr4,12,0.2472000000000012,1.2000000002010403e-07
961,mp-978,Sn4Sr8,12,0.24451999999999963,4.700000006963023e-07
26,mp-568742,Hg8I16,24,0.23989999999999845,5.90000001521318e-07
1089,mp-9479,Al2MgSe4,7,0.23232999999999993,4.800000001914384e-07
1338,mp-7691,B16Mo4Y4,24,0.23224000000000178,1.5999999987137414e-06
873,mp-2576,Ge4Sr8,12,0.23052000000000028,7.100000005699769e-07
548,mp-16253,Ba4Ca4Si4,12,0.22552000000000127,7.100000005699769e-07
1369,mp-7773,As2Au2Na4,8,0.22068,3.1000000100256386e-07
419,mp-9899,Ag2Ba2P2,6,0.21921000000000035,8.499999994970864e-07
536,mp-29397,Pt8Si8Te8,24,0.21631999999999074,2.5600000013170643e-06
599,mp-8719,K4Mn2Te4,10,0.21557999999999944,1.5000000003206893e-07
519,mp-27849,Br2N2Ti2,6,0.21519999999999984,3.6000000136482413e-07
1109,mp-14790,As2GeTe4,7,0.2151499999999995,1.1799999999340116e-06
545,mp-12418,Ca4Ge4Sr4,12,0.2100799999999996,8.299999998406804e-07
3,mp-19,Te3,3,0.20453,5.899999999670058e-07
342,mp-541911,Cl2Hf2N2,6,0.20055,4.7999999930326e-07
739,mp-32,Ge8,8,0.19775999999999996,1.8000000000000008e-07
456,mp-867799,AuBiCa2,4,0.1921699999999999,1.199999999368373e-07
1264,mp-15988,CuLi2Sb,4,0.1892100000000001,2.299999999344493e-07
1214,mp-867207,HgPbSr2,4,0.18820999999999977,1.7999999979423364e-07
453,mp-867169,HgSnSr2,4,0.18582000000000032,4.799999999138826e-07
263,mp-5518,Ag2Ga2Se4,8,0.17871999999999932,6.999999999646178e-07
1419,mp-675977,Ag4Bi4S8,16,0.17792000000000474,9.500000004436515e-07
1180,mp-10161,KSbZn,3,0.17533999999999983,2.499999998128999e-07
243,mp-773137,Bi2Ca2K2,6,0.1705700000000001,2.9999999995311555e-07
801,mp-23174,Cl18Re6,24,0.16280000000000025,3.2999999949323566e-07
866,mp-23312,Br12Mo4,16,0.1610499999999998,4.800000005245053e-07
16,mp-27678,Cl6Y4,10,0.16032000000000002,1.200000006029711e-07
449,mp-865713,BiLi2Tl,4,0.15747999999999962,5.899999999670058e-07
1153,mp-29110,Al4Fe6Si6,16,0.1538200000000045,7.300000001153606e-07
897,mp-569814,Br32Ti8,40,0.15280000000000032,3.3999999976552786e-07
1161,mp-7939,Na2Nb2Se4,8,0.15242999999999998,3.1999999991483286e-07
746,mp-541844,Ge20Ir16,36,0.1494599999999986,4.520000003616076e-06
260,mp-3839,Cu2Ga2Te4,8,0.1488199999999993,6.499999998244022e-07
30,mp-28319,I8Pt4,12,0.14771999999999996,2.2999999991363262e-07
1012,mp-5213,Cd2P4Sn2,8,0.14098000000000122,2.500000007010783e-07
73,mp-11713,C5Si5,10,0.1377900000000012,1.1800000017103685e-06
112,mp-871,Fe4Si4,8,0.13626000000000005,4.700000006963023e-07
929,mp-19717,Pb4Te4,8,0.1349600000000013,2.8500000008868653e-06
88,mp-27267,P32Re8,40,0.13371999999998785,3.7999999924487327e-07
347,mp-8752,CdNa4P2,7,0.13000000000000034,3.699999999717818e-07
475,mp-18440,As8Nb2Rb14,24,0.12908000000000142,2.6999999902521665e-07
1288,mp-4964,PtSbY,3,0.1270199999999999,3.699999999717818e-07
437,mp-31235,Ba3Bi3Na3,9,0.12470000000000159,1.8000000112650127e-07
839,mp-7547,Ba2Se4,6,0.12406000000000006,8.90000000142166e-07
139,mp-11327,Rb2Se,3,0.12146000000000035,2.399999998736746e-07
1072,mp-29644,Bi4GeTe7,12,0.11969000000000207,1.1900000016495937e-06
89,mp-1106,Si4Sr8,12,0.11793999999999905,1.0999999995320309e-06
986,mp-768368,I2K4O,7,0.11748000000000047,2.9999999950902634e-07
1339,mp-17401,Au2Rb6Sn8,16,0.11678000000000055,2.6999999980237277e-07
843,mp-570136,Cu6I6,12,0.11573999999999984,1.7000000018807526e-07
910,mp-22408,Co2O2,4,0.11479000000000017,4.700000002522131e-07
294,mp-4016,Ga8S16Tl8,32,0.11132000000002007,1.0400000054477943e-06
1040,mp-652046,Br4Re12S16,32,0.11106000000000103,2.599999990304802e-07
1064,mp-540659,B12Ba6O24,42,0.1094200000000034,2.340000003764331e-06
945,mp-29091,Cu4S4Ti,9,0.10877000000000003,3.699999997497372e-07
1272,mp-22229,Cu16In4Tb4,24,0.10788000000000642,7.900000001948015e-07
492,mp-961673,FeTeTi,3,0.10599999999999943,1.4299999997469115e-06
917,mp-15661,C6Sc8,14,0.10467999999999922,4.899999992424853e-07
337,mp-29584,As2BeK4,7,0.10434000000000099,3.299999995487468e-07
1158,mp-30167,Br18Os4Rb6,28,0.10319000000000167,3.1999999922094347e-07
1375,mp-569267,Ca8Cd4Sb8,20,0.09795999999998806,8.199999981250983e-07
1265,mp-16313,Pt4Sb4Tb4,12,0.09695999999999882,5.19999999726295e-07
1173,mp-29689,I14Nb6Te2,22,0.09634000000000231,6.700000019232988e-07
111,mp-189,Ru4Si4,8,0.0955400000000024,4.599999989807202e-07
1257,mp-11390,Ga4Li4Si4,12,0.09479999999999889,5.299999994434756e-07
32,mp-567998,Cl8I8,16,0.09436000000000144,1.6999999941091914e-07
1335,mp-18458,P12Sn4Sr10,26,0.09432000000000773,9.60000000826966e-07
906,mp-1156,Ga4Sb4,8,0.09351999999999983,2.400000003177638e-07
799,mp-1591,C3Al4,7,0.0933900000000003,9.599999981624308e-07
776,mp-1392,P16Zn8,24,0.0931799999999986,3.600000003656234e-07
787,mp-540922,Cr8Te24,32,0.08863999999999891,5.999999996841865e-07
1389,mp-8934,As4Cs4Sn2,10,0.08578999999999937,2.700000000799285e-07
1354,mp-607818,Ge8Rh8Te8,24,0.08468000000000053,8.399999997799057e-07
64,mp-29487,Cl12Pd6,18,0.08436999999999983,3.900000010714777e-07
872,mp-23164,Bi8Se12,20,0.08239999999998471,1.4299999979705547e-06
563,mp-7392,Ag2Na4Sb2,8,0.08227999999999902,9.000000034120603e-08
835,mp-27857,Br16Pd8,24,0.08128000000000006,3.699999999197401e-07
331,mp-29624,Al2Mg2Se5,9,0.0808900000000008,1.0200000015725408e-06
142,mp-22916,BrNa,2,0.08061000000000007,1e-08
285,mp-14501,As12Ba2Pt8,22,0.07914000000000687,1.019999999796184e-06
806,mp-568233,Cd2I4,6,0.07851999999999992,3.699999999717818e-07
93,mp-2517,Ca8Si4,12,0.07806999999999675,9.499999995554731e-07
928,mp-1958,SrTe,2,0.07719999999999994,4.800000001914384e-07
1266,mp-16314,Pt4Sb4Tm4,12,0.07664000000000071,5.900000010772288e-07
909,mp-20012,In4Sb4,8,0.07615999999999978,8.399999993358165e-07
764,mp-29422,Cl8Hf2,10,0.0755600000000003,5.500000004321492e-07
499,mp-10223,Na4Pd2S4,10,0.07468999999999948,4.699999998081239e-07
1207,mp-866106,Ba2HgPb,4,0.07460999999999984,2.399999998736746e-07
114,mp-487,Mn2P8,10,0.07434000000000074,5.899999995229166e-07
968,mp-568208,Cl12Ir4,16,0.07235999999999948,5.499999996827487e-07
1175,mp-568400,C6Al6Sc2,14,0.0723400000000014,1.6600000027899853e-06
807,mp-568722,Br4Cd2,6,0.07198999999999978,6.999999968559933e-08
334,mp-27999,CuK5Sb2,8,0.07149000000000028,3.500000000933312e-07
554,mp-23366,Br16Co4Rb8,28,0.06941999999999982,5.800000024702712e-07
106,mp-1943,Ga4Se4,8,0.06896000000000013,5.899999997449612e-07
892,mp-27736,P20Re8,28,0.06892999999999727,1.660000004122253e-06
148,mp-2693,SeSn,2,0.06890000000000018,4.799999997473492e-07
330,mp-29208,Bi2CaMg2,5,0.06834000000000007,1.099999997755674e-07
411,mp-580748,Cl2Re6Se8,16,0.06833000000000045,3.1999999983156613e-07
875,mp-304,Ca8Ge4,12,0.06824000000000074,8.300000002847696e-07
1376,mp-5874,Ag4Te4Tl4,12,0.06811999999999863,1.3100000000321188e-06
1076,mp-3525,Sb2SeTe2,5,0.06679999999999975,4.900000005747529e-07
177,mp-567318,Sb4Se8Tl4,16,0.06531999999999627,1.4299999975264654e-06
732,mp-39249,Ba2La2Mg2O12Ru2,20,0.06522000000000006,4.28999999613211e-06
781,mp-15954,As8Rh4,12,0.06478000000000161,1.190000004314129e-06
1268,mp-16329,Er4Pt4Sb4,12,0.06427999999999967,6.099999991793226e-07
886,mp-7956,Na6Sb2,8,0.06417999999999946,4.0999999928459374e-07
1069,mp-10919,C2PtRb2,5,0.06339000000000006,2.599999997521252e-07
851,mp-554405,S5Zn5,10,0.062259999999999316,9.499999999995623e-07
1336,mp-20450,B16Cr4Y4,24,0.06167999999999793,2.9200000005169535e-06
785,mp-30092,Cl16Ti4,20,0.06114000000000097,5.200000002258953e-07
1090,mp-9872,BeK4P2,7,0.06088999999999967,5.100000000091143e-07
105,mp-14018,As2K6,8,0.059970000000000745,1.2000000104706032e-07
86,mp-16608,Os16Si24,40,0.059959999999986024,1.1199999992994591e-06
973,mp-38970,Ga4Te6,10,0.059779999999998945,2.4999999814756535e-07
74,mp-13456,S5Zn5,10,0.0595600000000025,9.699999987677899e-07
537,mp-505511,As8Co8Se8,24,0.059439999999998605,5.400000018251916e-07
15,mp-27666,Cl6Ir2,8,0.05935999999999986,2.1999999999522402e-07
1321,mp-14588,Na4Pt2Se4,10,0.058810000000000695,8.300000002847696e-07
31,mp-524,As28Ba6,34,0.058139999999991865,5.199999983662718e-07
229,mp-29073,Ge4Nb8Te16,28,0.05735999999999883,9.399999992831809e-07
966,mp-569815,Ru8Si16,24,0.05722000000001426,5.2499999938504516e-06
933,mp-408,GeMg2,3,0.05704999999999982,2.500000002569891e-07
22,mp-9548,As6Ge6,12,0.05691999999999919,3.9999999912332385e-07
618,mp-10955,Hg2Se4Sn,7,0.055749999999999744,4.7000000158448074e-07
2,mp-542605,Se32,32,0.05503999999999981,2.6000000000192536e-07
1007,mp-22811,Cu2In2Se4,8,0.05409999999999915,5.199999992822057e-07
1269,mp-16376,Ho4Pt4Sb4,12,0.053240000000000176,8.500000001632202e-07
336,mp-29151,Cl2Li5N,8,0.05267000000000044,2.300000000454716e-07
1231,mp-20817,Ge4Pt4Se4,12,0.05261999999999656,1.3099999991439404e-06
1077,mp-38605,Bi2SnTe4,7,0.05219999999999736,2.3800000006346522e-06
847,mp-22691,In2Se2,4,0.05195000000000005,2.400000003177638e-07
757,mp-27770,Cl6Rh2,8,0.05180000000000001,2.3000000026751621e-07
1276,mp-30452,Bi4Dy4Ni4,12,0.05151999999999965,7.300000002263829e-07
45,mp-541837,Bi2Se3,5,0.05120999999999887,7.100000010140661e-07
25,mp-567279,Cl4Zn2,6,0.04955999999999994,9.999999989185326e-08
96,mp-569994,Cd4I8,12,0.049399999999999555,4.800000003024607e-07
491,mp-9124,AsLiZn,3,0.047719999999999985,1.199999997147927e-07
444,mp-30062,Br6Cs2Pt,9,0.04754000000000025,2.400000002067415e-07
664,mp-18247,O12Rh2Sc2Sr6,22,0.0470600000000041,1.580000005496629e-06
849,mp-32750,Cu4I4,8,0.04689999999999994,1.7999999957218904e-07
1095,mp-505825,C2Cs2Pt,5,0.04658999999999991,2.29999999823427e-07
1267,mp-16327,Dy4Pt4Sb4,12,0.04556000000000093,1.0199999995741393e-06
47,mp-7988,Cs2O,3,0.045460000000000056,3.500000000933312e-07
754,mp-27397,Br6Ir2,8,0.04513000000000006,1.5000000003206893e-07
306,mp-15074,Ir6P6Sr3,15,0.04475999999999747,7.000000010748408e-07
991,mp-27904,Fe4S4Sb4,12,0.04455999999999838,9.700000007661913e-07
100,mp-9064,Rb6Te6,12,0.043649999999998634,2.500000007010783e-07
923,mp-1367,Mg2Si,3,0.043139999999999734,2.3000000037853852e-07
1291,mp-568269,Bi4Ni4Tm4,12,0.042959999999999623,3.2000000070196363e-07
728,mp-6870,BBe2F2KO3,9,0.04228999999999994,1.0200000007953847e-06
821,mp-27934,Br4Cd2,6,0.04213999999999962,6.99999999298484e-07
1099,mp-8407,LaLi3P2,6,0.04187999999999992,7.800000005886432e-07
245,mp-9846,Ca2Rb2Sb2,6,0.04137000000000013,2.299999999344493e-07
831,mp-28483,Br6W,7,0.04125000000000023,3.100000002809189e-07
560,mp-27549,Ag2Bi2K4,8,0.04087999999999958,3.2000000027565534e-07
1273,mp-22786,Ni4Sn4Th4,12,0.04035999999999845,1.1699999998282529e-06
164,mp-541772,Bi8Br4Ru2,14,0.04031999999999947,9.100000000206165e-07
66,mp-27148,Be8P16,24,0.0398200000000013,3.600000004766457e-07
153,mp-2184,As8O12,20,0.03955999999999915,6.299999999459516e-07
998,mp-760417,I2ORb4,7,0.038799999999999724,3.500000000933312e-07
1083,mp-7017,N2NaNb,4,0.03845999999999972,7.199999991769346e-07
258,mp-3668,Cd2Ge2P4,8,0.03842000000000079,7.300000011145613e-07
1162,mp-864954,Mg2Mo2N4,8,0.038390000000001034,9.599999992726538e-07
885,mp-1821,Se4W2,6,0.038120000000000154,1.2999999943197338e-07
867,mp-16610,Ge24Os16,40,0.03775999999999691,4.779999987825079e-06
894,mp-1317,Co4Sb12,16,0.03739999999999988,4.6000000120116624e-07
332,mp-27869,Ba2ClP,4,0.037230000000000096,2.400000000957192e-07
889,mp-2488,Os4Si4,8,0.035199999999999676,1.4399999992420476e-06
1278,mp-30460,BiNiY,3,0.03504000000000012,2.90000000097157e-07
964,mp-17123,Os8Si16,24,0.03408000000001543,1.2099999970871522e-06
311,mp-36209,CuSe2Tm,4,0.03355,7.700000002053287e-07
805,mp-27484,O2Tl4,6,0.03324000000000016,4.700000002522131e-07
119,mp-2514,Mg24P16,40,0.033199999999997676,7.200000040619159e-07
791,mp-2646,Mg3Sb2,5,0.032859999999999445,1.099999997755674e-07
1059,mp-675349,CuDySe2,4,0.032600000000000004,7.100000001258877e-07
932,mp-23222,BiLi3,4,0.03218000000000032,2.9999999995311555e-07
1282,mp-3161,AlLiSi,3,0.03196999999999983,4.1999999988995285e-07
38,mp-7891,As2Mg3,5,0.03186,3.600000000325565e-07
844,mp-11342,Ga2Se2,4,0.03154999999999997,2.499999998128999e-07
62,mp-571195,Te3Zn3,6,0.03121999999999936,4.700000000301685e-07
868,mp-17173,Rh8S12,20,0.031199999999998784,3.500000000100645e-07
887,mp-862983,Cl6In2,8,0.03065999999999991,3.699999997497372e-07
546,mp-15236,Cr4Sb4Se12,20,0.03044000000000624,1.5599999976245726e-06
829,mp-23309,Cl6Sc2,8,0.0304399999999998,3.600000000325565e-07
363,mp-8405,LaLi3Sb2,6,0.029930000000001122,8.299999998406804e-07
431,mp-3486,K2Sb2Sn2,6,0.02972000000000019,3.0000000017516015e-07
454,mp-867193,AuBiSr2,4,0.029639999999999445,7.099999994597539e-07
753,mp-1863,As6Si6,12,0.02962000000000109,1.9999999989472883e-07
1412,mp-541771,Bi8I4Ru2,14,0.029110000000000413,1.070000001934801e-06
383,mp-23501,Bi6Fe6O18,30,0.02838000000001273,9.59999996386074e-07
59,mp-561258,S10Zn10,20,0.02819999999999756,9.400000016146492e-07
1008,mp-34903,Ge2Mg2P4,8,0.0275199999999991,6.099999994013672e-07
759,mp-31040,Cl8Nb2,10,0.027470000000000105,3.8999999973921007e-07
871,mp-22908,Bi4Cl12,16,0.027040000000000286,6.60000000318739e-07
899,mp-567841,Be24P16,40,0.02674999999998251,1.1799999954931195e-06
1270,mp-19886,Pt4Sn4Th4,12,0.026720000000000965,4.899999983543069e-07
1123,mp-568587,Cr3Cu3Se6,12,0.026640000000001218,2.7999999986649815e-07
197,mp-23267,Be2Cl4,6,0.02654000000000023,3.099999997258074e-07
1284,mp-3716,Ni4Sb4Tb4,12,0.026520000000000377,8.300000005623254e-07
130,mp-2534,As4Ga4,8,0.025320000000000675,4.800000001914384e-07
50,mp-13852,Ge6N8,14,0.025279999999998193,8.29999998952502e-07
126,mp-20351,InP,2,0.025069999999999926,4.799999997473492e-07
729,mp-7323,B3Be6F6O9Rb3,27,0.024960000000003202,2.1499999969254446e-06
430,mp-3481,As2K2Sn2,6,0.024640000000000217,4.1999999922381903e-07
1285,mp-4025,Ni4Sb4Tm4,12,0.024480000000000002,6.599999993472938e-07
884,mp-7444,Rb8Sb8,16,0.024339999999998696,2.4999999892472147e-07
1233,mp-10644,Se4TaTl3,8,0.024319999999999897,7.100000003479323e-07
1287,mp-4510,Dy4Ni4Sb4,12,0.024160000000000126,7.399999995827411e-07
842,mp-557308,S10Zn10,20,0.023819999999999286,8.100000021826759e-07
1293,mp-5920,Al4Ge4Li4,12,0.023600000000000954,5.29999998111208e-07
830,mp-27734,Br18Cr6,24,0.023580000000000045,4.7000000169550304e-07
345,mp-7863,O3Rb2Sn2,7,0.02340999999999971,9.299999994549779e-07
780,mp-15953,P8Rh4,12,0.023409999999999265,1.9100000008265283e-06
1286,mp-4174,Ho4Ni4Sb4,12,0.023360000000000658,1.1900000008585598e-06
836,mp-28256,Se18V4,22,0.02306000000000008,6.700000008130758e-07
242,mp-755293,OSb2Sr4,7,0.023009999999999753,2.3999999854140697e-07
1126,mp-19376,Mn6O18Ti6,30,0.02276999999999907,4.310000005780523e-06
236,mp-28453,Au2Cs2I6,10,0.02274999999999966,2.5000000006270007e-07
193,mp-27488,N10Ta6,16,0.02255999999999969,2.390000000351833e-06
24,mp-288,Pt2S2,4,0.022240000000000038,4.799999997473492e-07
91,mp-1477,Ba8Si16,24,0.022200000000003328,7.299999955634462e-07
1181,mp-10616,AsBaLi,3,0.022069999999999812,2.399999998736746e-07
81,mp-568848,Cl16Ga8,24,0.021699999999997832,7.400000006096974e-07
605,mp-28683,Cl4I4Ta2,10,0.02126000000000028,3.2000000071974455e-07
795,mp-567259,CdI2,3,0.02116999999999991,3.500000000933312e-07
1296,mp-924128,HfNiSn,3,0.021149999999999558,4.700000001411908e-07
381,mp-13334,O18Sn6Zn6,30,0.021060000000002077,2.3800000077400796e-06
1290,mp-567636,FeSbV,3,0.020989999999999842,1.189999999873237e-06
1128,mp-768310,Bi6La6O18,30,0.02094000000002527,1.100000000309187e-06
386,mp-754009,Bi6O18Sc6,30,0.020790000000008746,2.880000000704541e-06
128,mp-2293,Mn4Se4,8,0.02076000000000011,1.5599999998450187e-06
775,mp-1247,Ir4Sb8,12,0.020739999999999092,4.899999999086191e-07
900,mp-569600,As4Ge3,7,0.020730000000000803,3.600000000325565e-07
1401,mp-16337,Ga2HgTe4,7,0.02016999999999891,3.49999999649242e-07
52,mp-1222,Cr3Si6,9,0.01949000000000245,1.429999996638287e-06
816,mp-11191,Cr3Si6,9,0.019260000000001387,2.3800000006346522e-06
46,mp-568690,Br2Cd,3,0.01923000000000008,1.7999999990525595e-07
388,mp-850194,Ni6O18Ti6,30,0.01919999999997657,1.7699999923515009e-06
1127,mp-754513,Mn6O18Zr6,30,0.018809999999976235,2.7399999851240864e-06
1081,mp-5475,N2NaTa,4,0.018679999999999808,1.250000000396767e-06
627,mp-22169,Mo2O8Pb2,12,0.01857000000000042,1.6799999982275438e-06
1049,mp-675800,Li10P6Ti2,18,0.018569999999999975,5.399999976063441e-07
763,mp-754815,Br6Y2,8,0.01856000000000102,3.499999992051528e-07
1087,mp-9382,N2SrZr,4,0.017949999999999022,9.500000004436515e-07
443,mp-28145,Cl6PdRb2,9,0.01773000000000069,1.300000005421964e-07
840,mp-569030,Be9Cl18,27,0.017569999999998975,3.90000000072277e-07
35,mp-23178,Cl18W3,21,0.01717000000000013,7.89999997419244e-07
266,mp-8016,Al2Cu2Se4,8,0.01705999999999963,1.009999999634914e-06
956,mp-753156,La2O7Th2,11,0.017059999999998965,1.6499999997421355e-06
665,mp-550514,La2N4O2Ta2,10,0.016829999999997902,2.1399999967641747e-06
69,mp-684690,Sc4Se6,10,0.016499999999999737,2.40000000761853e-07
442,mp-28084,Br6PdRb2,9,0.016480000000000272,4.0000000034456917e-07
783,mp-2715,As8Co4,12,0.016009999999999636,1.43000000063509e-06
564,mp-7643,Ag2K4Sb2,8,0.015759999999999774,5.600000001493299e-07
29,mp-706,F2Hg2,4,0.01549000000000067,2.9999999995311555e-07
779,mp-15649,As8Ir4,12,0.015339999999997467,1.4400000010184044e-06
1204,mp-866062,HfRu2Si,4,0.015320000000000888,1.90999999993835e-06
930,mp-2114,NY,2,0.01529999999999987,9.599999999387876e-07
1363,mp-28912,Br12In4Mn4,20,0.015240000000002363,3.099999978939394e-07
1038,mp-541236,As12Hf4Na20,36,0.015179999999999971,5.899999964142921e-07
710,mp-13538,K2Pr2Se8Si2,14,0.015020000000000006,1.1400000023975565e-06
483,mp-22947,Cl6K2Re,9,0.014810000000000656,6.699999994808081e-07
103,mp-7441,K8P8,16,0.014800000000001368,2.399999999846969e-07
1388,mp-8717,Mn2Rb4Se4,10,0.014599999999999058,4.899999994645299e-07
274,mp-3779,Cr2Si2Te6,10,0.01449999999999907,3.500000004263981e-07
72,mp-568656,C10Si10,20,0.014490000000003445,9.60000004823769e-07
901,mp-570377,As4Sn3,7,0.014340000000000686,2.500000002569891e-07
23,mp-569175,Cl8Zr2,10,0.014259999999999717,6.599999997636274e-07
244,mp-9845,As2Ca2Rb2,6,0.014129999999999754,2.399999998736746e-07
1107,mp-14205,As2Cu3K3,8,0.013949999999999463,3.0000000039720476e-07
173,mp-546007,La4Mo2O12,18,0.013900000000003132,2.139999999872799e-06
827,mp-583463,Cl18Fe6,24,0.013769999999997395,7.100000021242892e-07
778,mp-1536,K8Sb8,16,0.013639999999999763,5.199999993377169e-07
1243,mp-17926,Ni6Sb8Zr6,20,0.01359999999999506,9.400000027248723e-07
927,mp-19009,Ni2O2,4,0.013550000000000395,9.500000004436515e-07
418,mp-9244,C2B2Li2,6,0.013379999999999725,4.0999999884050453e-07
1071,mp-12908,AgScSe2,4,0.013349999999999973,4.699999993640347e-07
1074,mp-29662,BiSe2Tl,4,0.013059999999999405,4.900000005747529e-07
800,mp-22881,CdCl2,3,0.012929999999999886,1.300000000981072e-07
573,mp-756365,Ca4Ce4O12,20,0.012879999999994673,1.9000000022195707e-06
1353,mp-5881,Co8S8Sb8,24,0.012799999999997924,2.2000000027277977e-06
848,mp-23162,Cl2Zr,3,0.012220000000000009,1.2999999999922796e-07
1295,mp-7173,PtSbSc,3,0.012169999999999792,5.999999999062311e-07
1242,mp-13654,Au6Sb8Y6,20,0.01210000000000222,2.9000000014572924e-07
1108,mp-14206,Ag3As2K3,8,0.011909999999999865,2.1000000027804333e-07
761,mp-569766,I4Te4,8,0.011800000000000255,5.100000000091143e-07
218,mp-8300,As2Ba4O,7,0.01175999999999977,7.20000000065113e-07
820,mp-12779,Cd2Te2,4,0.011699999999999378,2.399999998736746e-07
815,mp-8938,Mo3Si6,9,0.01169999999999849,2.6200000000642376e-06
196,mp-401,S12Sc8,20,0.011609999999999232,9.499999920059565e-07
67,mp-486,Ni2P4,6,0.011529999999999707,2.299999999344493e-07
1247,mp-23021,Br6K2Re,9,0.01149,3.600000006986903e-07
777,mp-14285,Co4P8,12,0.01129999999999809,9.599999999387876e-07
1281,mp-31455,RuSbV,3,0.011280000000000179,1.189999999873237e-06
758,mp-27871,Br6Rh2,8,0.011269999999999725,1.7000000010480854e-07
477,mp-17862,Ag6Ge10P12,28,0.011260000000001824,5.600000000383076e-07
1058,mp-675180,CuErSe2,4,0.01113,8.500000006073094e-07
1277,mp-30459,BiNiSc,3,0.011109999999999842,5.900000001890504e-07
235,mp-23484,Au2Cl6Cs2,10,0.011069999999999691,2.5000000031250025e-07
71,mp-754629,N6W3,9,0.011039999999999495,1.4300000008571345e-06
1301,mp-961682,PdSnTi,3,0.010969999999999924,7.100000001258877e-07
1065,mp-7027,B2In2O6,10,0.010960000000000525,1.0800000014299371e-06
200,mp-11025,P16Zn8,24,0.010919999999998709,5.899999984126936e-07
63,mp-23281,I6Sb2,8,0.010740000000000638,3.600000004766457e-07
967,mp-571035,Cl4Os,5,0.010660000000000114,1.9999999989472883e-07
834,mp-2402,Na8Si8,16,0.010399999999998188,4.700000001411908e-07
876,mp-567505,C8Si8,16,0.010050000000001003,7.300000008925167e-07
44,mp-540789,I4Pb2,6,0.010049999999999448,2.400000000957192e-07
1299,mp-9437,FeNbSb,3,0.009949999999999903,1.4300000001910007e-06
863,mp-2695,Os2Sb4,6,0.009879999999999,2.13999999942871e-06
110,mp-757,As2Li6,8,0.009839999999998739,4.3000000049531195e-07
132,mp-2691,CdSe,2,0.00973999999999986,2.400000000957192e-07
344,mp-7439,Cu3K3P2,8,0.009719999999999507,2.8000000029670957e-07
1023,mp-23472,Ag2Cl6Re,9,0.009689999999999643,4.3000000071735656e-07
19,mp-568018,Rb2Sb4,6,0.009660000000000224,2.400000003177638e-07
178,mp-568598,Cu2HgI4,7,0.009500000000000508,7.099999999038431e-07
182,mp-754908,Cr2Nb2O8,12,0.009160000000000057,4.770000000986485e-06
435,mp-14193,F6K2Th,9,0.009000000000001451,4.0000000023354687e-07
40,mp-1201,Sb2Te3,5,0.008859999999999424,1.9000000004432138e-06
1279,mp-30847,PtSnTi,3,0.00885000000000069,7.100000001258877e-07
574,mp-7792,S12Sc4Y4,20,0.008840000000001957,9.499999971129824e-07
946,mp-35539,GeSe4Zn2,7,0.008810000000000429,3.1000000055847465e-07
808,mp-569595,I4Pb2,6,0.00871999999999995,3.499999998712866e-07
1176,mp-9575,Be2Li2Sb2,6,0.008689999999999198,6.59999999985672e-07
1120,mp-3532,AgCrSe2,4,0.008649999999999824,7.20000000065113e-07
1185,mp-4731,F6K2U,9,0.008560000000000678,4.100000010609506e-07
987,mp-9321,Ba2HfS4,7,0.008459999999999468,9.5999999860652e-07
568,mp-14336,Cs2Ni3Se4,9,0.008390000000000675,1.6999999974398605e-07
926,mp-19006,Mn2O2,4,0.008340000000000458,1.419999999363597e-06
28,mp-505366,Au4Br4,8,0.00829000000000013,2.899999999861347e-07
238,mp-569548,Au2Br6Cs2,10,0.008199999999999874,3.5999999986602305e-07
65,mp-567504,Cl6Cr2,8,0.008159999999999917,2.500000000210667e-07
140,mp-20194,CeO2,3,0.008080000000000531,9.599999999387876e-07
936,mp-27300,Au2Br6Rb2,10,0.007989999999999498,1.5000000008758008e-07
192,mp-22870,Br2In2,4,0.007689999999999753,1.299999998760626e-07
34,mp-22877,Cl2V,3,0.00764999999999999,3.499999999823089e-07
756,mp-27630,Cl6Cr2,8,0.007229999999999848,3.999999997339465e-07
879,mp-8882,Ga2P2,4,0.007159999999999833,3.700000001938264e-07
84,mp-2319,Os2P4,6,0.007120000000000459,1.2000000007006406e-06
203,mp-14983,P4RuSi4,9,0.007060000000000954,9.200000006259756e-07
113,mp-28400,P12Ru4,16,0.00705999999999829,1.4900000016027093e-06
452,mp-866132,Na2SbTl,4,0.007049999999999557,4.1000000017277216e-07
322,mp-4385,C2Cd2O6,10,0.007000000000002782,1.9000000022195707e-06
61,mp-32780,Au4Cl4,8,0.006979999999999875,2.2000000010624632e-07
12,mp-7583,S8Si4,12,0.006940000000002167,5.900000009662065e-07
810,mp-19399,Cr4O6,10,0.006939999999999502,9.499999988893393e-07
1271,mp-21272,Er4Ni4Sb4,12,0.006840000000001678,5.999999997119421e-07
415,mp-696944,H2Br4La2,8,0.006810000000000427,5.899999999670058e-07
1258,mp-11520,NiSbY,3,0.0067900000000001015,2.1000000006987651e-07
865,mp-766,As4Ru2,6,0.006579999999999586,9.499999995554731e-07
833,mp-571518,Cl6W,7,0.006489999999999552,7.499999997717666e-07
204,mp-29157,P4Pt2Si6,12,0.006480000000000707,1.0100000014112709e-06
1183,mp-13978,F6Rb2Th,9,0.006399999999999295,1.1700000008829647e-06
846,mp-1434,MoS2,3,0.0063600000000000045,6.999999996315509e-08
773,mp-10155,Ir4P8,12,0.006319999999998771,4.7000000158448074e-07
891,mp-27173,P12Ru3,15,0.006219999999999004,2.3900000005738775e-06
174,mp-557373,Cu2S4W,7,0.006209999999999938,2.4000000015123035e-07
131,mp-2624,Al4Sb4,8,0.006199999999999317,9.600000006049214e-07
812,mp-861979,Ir4S6,10,0.0061699999999984545,2.400000005398084e-07
358,mp-697921,H8Mg5O9,22,0.006119999999999681,6.999999999646178e-07
1191,mp-863251,AuSbSr2,4,0.006110000000000282,6.000000001282757e-07
825,mp-927,Cu4P8,12,0.006100000000000105,2.999999998976044e-07
398,mp-22950,Cl6Cs2Ni2,10,0.005799999999998695,4.2000000022301975e-07
1274,mp-2894,AuScSn,3,0.005759999999999987,4.2000000011199745e-07
17,mp-28879,Ca5P8,13,0.00570000000000026,8.300000016170372e-07
1305,mp-961711,PtSiZr,3,0.005700000000000038,4.800000001914384e-07
974,mp-7623,As16Mg4,20,0.00568000000000124,6.800000003082118e-07
813,mp-22896,Cl6La2,8,0.005640000000000089,4.90000000241686e-07
102,mp-7440,Na8P8,16,0.0056000000000007155,3.2000000049769994e-07
176,mp-24341,H6Be2Cs2,10,0.005489999999999662,1.1999999965928154e-07
920,mp-947,Au4S2,6,0.005420000000000036,1.1000000003240727e-07
762,mp-684969,S6Sc4,10,0.00541999999999998,4.800000024118845e-07
766,mp-570844,Ga12Os4,16,0.005359999999992482,1.4399999948011555e-06
951,mp-4024,Ag2Dy2Te4,8,0.0053200000000002134,6.99999999298484e-07
660,mp-23771,C9H9O18Sm3,39,0.005309999999994375,1.7800000040590902e-06
755,mp-27455,Cl6Y2,8,0.0052000000000000934,4.199999987797298e-07
95,mp-567542,I8Pb4,12,0.0051400000000002555,3.499999994271974e-07
969,mp-1602,S4Si2,6,0.005099999999999438,3.600000000325565e-07
862,mp-2455,As4Os2,6,0.005040000000001044,1.18999999809688e-06
239,mp-697133,H4CaCs2,7,0.0049800000000004285,7.899999997507123e-07
908,mp-1986,OZn,2,0.004979999999999762,4.799999997473492e-07
1304,mp-961706,PtSiTi,3,0.0049600000000005195,4.799999997473492e-07
1259,mp-11836,Er4Pd4Sb4,12,0.004959999999999187,1.009999998524691e-06
85,mp-267,Ru2Te4,6,0.004870000000000374,2.609999999236834e-06
680,mp-568177,HAlCaSi,4,0.0048400000000001775,4.799999999693938e-07
1260,mp-11869,HfPdSn,3,0.004829999999999668,4.699999998081239e-07
327,mp-11917,Be2MgN2,5,0.004809999999999981,7.100000001258877e-07
75,mp-7581,MoSe2,3,0.004789999999999961,6.999999996315509e-08
372,mp-16763,KTe2Y,4,0.0047600000000000975,7.100000001258877e-07
1297,mp-924129,NiSnZr,3,0.0047400000000000775,2.9999999973107094e-07
21,mp-7808,Ba2P6,8,0.004720000000000724,4.1000000017277216e-07
950,mp-3551,Ag2Tb2Te4,8,0.0047199999999998354,7.100000005699769e-07
401,mp-23038,Br6Cs2V2,10,0.0047000000000002595,3.500000000933312e-07
878,mp-8881,Al2As2,4,0.004680000000000462,7.300000000043383e-07
837,mp-28266,P4Pd2,6,0.004670000000000063,5.199999999483396e-07
384,mp-4360,Cd6F18Na6,30,0.0046499999999976005,8.899999990319429e-07
351,mp-9273,Au3K3Sb2,8,0.0046399999999998665,2.9999999995311555e-07
1053,mp-568116,C9Lu6N18,33,0.004620000000004731,5.730000009585012e-06
1111,mp-19340,LiO2V,4,0.0046199999999998465,6.000000003503203e-07
198,mp-32616,Ga4S6,10,0.004610000000000114,8.200000014557673e-07
80,mp-632403,Cd2Cl4,6,0.0046000000000000485,1.8000000023832285e-07
338,mp-3332,CrNaSe2,4,0.0045799999999998064,2.399999998736746e-07
814,mp-23263,Br6La2,8,0.004550000000000942,4.699999995860793e-07
948,mp-12902,Ag2Er2Te4,8,0.004540000000002209,1.3699999996674705e-06
87,mp-571642,Ca4Cl8,12,0.004469999999999752,1.3100000001431411e-06
949,mp-12904,Ag2Ho2Te4,8,0.004399999999999071,7.100000010140661e-07
853,mp-9813,S2W,3,0.004370000000000013,2.6000000002968093e-07
962,mp-23202,I2In2,4,0.004359999999999253,3.599999995884673e-07
860,mp-20027,Fe2P4,6,0.004320000000002544,3.090000001204629e-06
445,mp-557938,F6HfV,8,0.004290000000000571,1.0900000000368948e-06
237,mp-4961,HgNa2O2,5,0.004280000000000506,4.799999997473492e-07
387,mp-754323,Bi6O18Tm6,30,0.0042599999999852756,1.4199999980313294e-06
1283,mp-3432,NiSbSc,3,0.0042400000000001326,3.600000001435788e-07
859,mp-14289,Ba6P8,14,0.004220000000001001,4.0000000012252457e-07
749,mp-22909,Cl4Zn2,6,0.004199999999999426,3.1999999983156613e-07
1294,mp-5967,CoSbTi,3,0.004189999999999916,4.800000001914384e-07
1028,mp-7984,F6KOs,8,0.004130000000000078,3.600000009207349e-07
772,mp-7188,Al2Os,3,0.004129999999999967,4.800000006355276e-07
414,mp-540609,Cs2I6Mn2,10,0.004089999999997929,4.899999996865745e-07
341,mp-5175,InNaO2,4,0.00401,7.100000001258877e-07
362,mp-7903,Cs2F6Zr,9,0.0040000000000000036,9.399999998382924e-07
1194,mp-865280,AlFe2Nb,4,0.0039999999999995595,2.1499999993679353e-06
6,mp-23153,I4,4,0.00398,9.000000000000001e-08
935,mp-23173,Hg2I4,6,0.003969999999999363,1.9000000051061505e-07
213,mp-752463,N4Nb4O4,12,0.0039200000000017,3.820000004317592e-06
293,mp-29396,Cu4O4Pb2,10,0.0038799999999992174,5.800000011380035e-07
396,mp-20042,In2S4Tl2,8,0.0038400000000002876,7.199999982887562e-07
982,mp-35152,H10Rh2Sr4,16,0.003819999999997936,1.2299999991860489e-06
598,mp-8257,Na4S4Zn2,10,0.003809999999999203,4.799999988591708e-07
1097,mp-8278,BaMg2P2,5,0.0037800000000003386,4.799999997473492e-07
373,mp-20072,CuLaO2,4,0.0037799999999998946,8.399999997799057e-07
27,mp-27725,Au4I4,8,0.0037600000000005407,1.900000000244174e-07
120,mp-570744,As4Si3,7,0.003709999999999214,5.999999997952088e-07
971,mp-570886,Be2I4,6,0.0036799999999997945,1.1999999990908172e-07
154,mp-550714,O4Pb4,8,0.0036400000000003097,8.299999991745466e-07
864,mp-760,Fe2Se4,6,0.0036299999999998,1.2000000007006406e-06
92,mp-22855,Cl8Hg4,12,0.003629999999999356,2.3000000026751621e-07
1289,mp-505297,NbRuSb,3,0.0036100000000000004,1.90999999993835e-06
619,mp-22304,CdIn2Se4,7,0.003509999999999236,4.900000005747529e-07
1063,mp-19357,Cr2La2O6,10,0.003460000000002239,2.6200000000642376e-06
1302,mp-961687,PdSnZr,3,0.0034200000000002007,2.399999998736746e-07
811,mp-2437,F6Ir2,8,0.0033800000000004105,9.500000002216069e-07
307,mp-675022,Cl3CsPb,5,0.0033500000000006303,1.7000000029909756e-07
809,mp-569843,Br2Mn,3,0.0033199999999999896,1.8000000001627825e-07
765,mp-22904,Ca2Cl4,6,0.0032599999999995966,6.000000003503203e-07
1105,mp-13313,ScSe2Tl,4,0.0032400000000003537,1.200000006029711e-07
823,mp-567503,I4Pb2,6,0.0032199999999995566,2.399999994295854e-07
1026,mp-557158,CrF6Mo,8,0.003210000000000268,7.199999998430684e-07
78,mp-14288,P8Sr6,14,0.003200000000000036,9.500000017759191e-07
374,mp-23056,BrNSr2,4,0.003170000000000339,4.700000006963023e-07
1263,mp-13305,Au4Sm4Sn4,12,0.003160000000001162,1.0000000008059118e-06
49,mp-557539,F6Mo2,8,0.00316000000000094,8.400000006680841e-07
1075,mp-30041,BiRbS2,4,0.003149999999999764,3.500000000933312e-07
79,mp-15339,As8Sr6,14,0.0031100000000000294,6.200000015610385e-07
1399,mp-676284,Ag2Se4Y2,8,0.0031099999999977257,4.799999997473492e-07
1005,mp-15703,C2Be2N4,8,0.0031000000000003247,7.099999999038431e-07
205,mp-34982,Ag3AuS2,6,0.0030700000000005723,4.2000000011199745e-07
883,mp-568536,Ba3I6,9,0.003049999999999775,4.899999992424853e-07
1140,mp-19178,Ag2Co2O4,8,0.0030199999999993565,6.000000007944095e-07
149,mp-2741,CaF2,3,0.0029799999999999827,2.400000000957192e-07
36,mp-28306,Br2Mn,3,0.0029799999999998716,1.300000003201518e-07
368,mp-11739,KLaTe2,4,0.0029700000000003612,2.299999999344493e-07
14,mp-25469,Al2Cl6,8,0.0029600000000004068,3.600000003656234e-07
1134,mp-11023,Au2O4Sc2,8,0.002959999999997187,2.340000000877751e-06
348,mp-8830,NaO2Rh,4,0.0029399999999997206,9.600000003828768e-07
845,mp-13150,BN,2,0.002930000000000099,2.400000003177638e-07
20,mp-570219,Br6In2,8,0.002909999999999968,1.5000000053166929e-07
1392,mp-4359,O3PdSr2,6,0.0028799999999993275,4.800000001914384e-07
380,mp-4182,AgCrS2,4,0.0028500000000002412,5.299999998875649e-07
931,mp-22898,IK,2,0.0028400000000001757,1.6999999996603066e-07
1024,mp-30058,O6Sb2Tl2,10,0.002829999999998112,4.899999985763515e-07
789,mp-1186,S2Zr,3,0.002769999999999939,9.599999999387876e-07
275,mp-558838,F6NiPt,8,0.002769999999999939,8.899999997535879e-07
861,mp-2008,As4Fe2,6,0.0027599999999994296,2.160000000639428e-06
1280,mp-31454,RuSbTa,3,0.0027099999999999997,1.90999999993835e-06
1292,mp-569779,PdSbSc,3,0.0026999999999999247,4.0999999972868295e-07
0,mp-570778,Cl16,16,0.0026800000000000435,5.999999999999943e-08
83,mp-22888,Br4Ca2,6,0.00266999999999995,2.499999995908553e-07
1142,mp-27409,Br6Ni2Rb2,10,0.0026600000000003288,3.499999995382197e-07
1190,mp-862947,AuBa2Bi,4,0.0026599999999998847,8.299999996186358e-07
911,mp-22925,AgI,2,0.0026599999999998847,6.000000007944095e-08
526,mp-777422,H2Dy2O4,8,0.002640000000001752,5.400000011590578e-07
790,mp-23205,I2Mg,3,0.0026200000000000667,3.0000000006413785e-07
1029,mp-9056,F6PdZr,8,0.0025799999999986944,8.400000000574614e-07
1311,mp-29761,C2O10U2,14,0.0025199999999998557,2.190000001123238e-06
116,mp-2030,Ru4S8,12,0.002509999999998236,1.3199999984170319e-06
1112,mp-22566,InS2Tl,4,0.0024999999999999467,7.199999996210238e-07
395,mp-16764,Rb2Te4Y2,8,0.0024999999999986144,3.49999999649242e-07
1262,mp-12558,AsLiMg,3,0.0024900000000003253,3.599999995884673e-07
118,mp-730,P8Pt4,12,0.002460000000001461,2.0400000013687247e-06
58,mp-19128,Co2O2,4,0.002429999999999932,5.899999999670058e-07
608,mp-8623,K2PtTe2,5,0.0024200000000001998,8.000000006891383e-08
300,mp-33526,Bi2Li2S4,8,0.0024199999999998667,7.200000013973806e-07
77,mp-570589,Br4Se4,8,0.0023900000000001143,1.8999999984448124e-07
82,mp-1522,Fe2S4,6,0.002360000000000362,8.200000003455443e-07
43,mp-28233,Cl2Mn,3,0.0023600000000000287,3.600000000325565e-07
214,mp-755190,O16Ta4V4,24,0.002359999999987039,2.510000004951607e-06
1066,mp-10402,F6TiTl2,9,0.0023500000000000743,7.200000007312468e-07
1208,mp-866141,Fe2SiTi,4,0.002349999999999852,9.499999999995623e-07
137,mp-23167,ClTl,2,0.0023300000000001653,2.400000000957192e-07
793,mp-30033,Br2Co,3,0.0022600000000000398,1.200000000478596e-07
803,mp-23240,Cl2Co,3,0.0022500000000000853,1.6000000002680537e-07
603,mp-19218,Fe2O5Sr3,10,0.0022499999999998632,8.299999991745466e-07
256,mp-3524,Li2N4P2,8,0.002220000000000333,8.299999996186358e-07
385,mp-546027,Bi2Cr2O6,10,0.002200000000000202,9.60000000826966e-07
794,mp-30034,Br2Mg,3,0.0021700000000000053,1.200000000478596e-07
156,mp-23292,Br4Hg2,6,0.0021399999999998087,1.19999999825815e-07
98,mp-9984,S4Sn2,6,0.002109999999999612,9.499999995554731e-07
970,mp-30139,Be2Br4,6,0.002089999999999703,2.399999998736746e-07
145,mp-23251,BrK,2,0.0020499999999998852,6.000000007944095e-08
186,mp-10408,CK2N2,5,0.0020399999999995977,5.799999998057359e-07
346,mp-8176,O2RbTl,4,0.002020000000000355,5.999999999062311e-07
792,mp-28013,I2Mn,3,0.0019500000000000073,1.199999999368373e-07
297,mp-9579,Al2Se4Tl2,8,0.001949999999999008,6.100000005115902e-07
397,mp-20329,Ag2In2O4,8,0.0019099999999998563,2.040000001812814e-06
984,mp-756638,Nb4O16Rh4,24,0.0018800000000034345,2.0299999883288677e-06
70,mp-358,Hg3Te3,6,0.0018599999999988626,3.600000000325565e-07
643,mp-546679,Al2N2Nd4O6,14,0.0018399999999996197,2.400000000957192e-06
1080,mp-4636,CuO2Sc,4,0.0018299999999995542,5.400000002708794e-07
134,mp-830,GaN,2,0.0018000000000002458,4.800000001914384e-07
919,mp-22875,BrTl,2,0.0017999999999998018,1.199999999368373e-07
143,mp-23209,Cl2Sr,3,0.0017800000000001148,1.7999999990525595e-07
1106,mp-14116,CuO2Rh,4,0.0017799999999998928,1.8000000001627825e-07
1235,mp-569571,Nb6Sb4Te10,20,0.0017799999999972282,2.6999999980237277e-07
1086,mp-9274,Au3Rb3Sb2,8,0.0017200000000001658,5.100000005642258e-07
748,mp-10074,Ge4Se8,12,0.0016800000000016801,3.599999999215342e-07
352,mp-9361,LaRbS2,4,0.0016699999999998383,5.90000000411095e-07
97,mp-8880,Al2P2,4,0.0016600000000002169,7.099999996817985e-07
127,mp-2172,Al4As4,8,0.0016400000000000858,7.20000000065113e-07
1022,mp-18732,Ni2O6Ti2,10,0.0016300000000000203,2.3899999979093423e-06
41,mp-22003,N3Na,4,0.0016100000000000003,2.400000000957192e-07
1398,mp-674948,Mo2O10V2,14,0.00160000000000049,1.3200000019697455e-06
769,mp-862868,Br4Pb2,6,0.0015700000000000713,3.49999999649242e-07
497,mp-753056,B4Ho4O12,20,0.0015600000000040026,3.349999995627684e-06
448,mp-862631,AuBa2Sb,4,0.0015100000000001224,7.100000001258877e-07
1129,mp-8007,Li6O18U6,30,0.0014999999999987246,1.1099999923658288e-06
1103,mp-10969,CCdN2,4,0.0014799999999999258,7.100000001258877e-07
37,mp-570259,Cl2Mg,3,0.0014600000000000168,1.7999999990525595e-07
1084,mp-7176,LaRbSe2,4,0.00144000000000033,2.400000005398084e-07
273,mp-35906,Ag3Cl6Y,10,0.0014400000000001079,5.299999994434756e-07
914,mp-866291,AgBr,2,0.0014199999999999768,1.199999999368373e-07
350,mp-9166,CMgN2,4,0.0013700000000000934,3.599999998105119e-07
626,mp-28698,IrNa4O4,9,0.0013500000000004064,4.1000000006174986e-07
1253,mp-1094088,CoNbSn,3,0.001300000000000523,1.8999999999991246e-06
1104,mp-12335,CMnN2,4,0.0012900000000000134,4.7999999930326e-07
1404,mp-3038,Al2HgSe4,7,0.001260000000000483,4.7999999930326e-07
1306,mp-961713,PtSnZr,3,0.0012099999999999334,7.099999996817985e-07
1079,mp-4280,CuGaO2,4,0.0012099999999994893,5.999999999062311e-07
121,mp-10044,As4B4,8,0.0011199999999998989,3.2000000005361073e-07
446,mp-697038,H6Ba2Ru,9,0.0011099999999997223,5.199999999483396e-07
168,mp-8429,IrK4O4,9,0.001060000000000727,5.999999996841865e-07
339,mp-3748,AlCuO2,4,0.0010500000000004395,1.189999999873237e-06
1033,mp-20210,Ag4O4Pb2,10,0.0010499999999997733,3.800000012432747e-07
733,mp-12103,N2,2,0.00104,9.999999999999984e-09
280,mp-7921,F6MgPd,8,0.0010300000000007525,5.799999996947136e-07
255,mp-34293,Cs2N4Ta2,8,0.0010200000000013532,6.099999999564787e-07
924,mp-1519,CaTe,2,0.0010099999999999554,3.999999999999962e-08
340,mp-510281,CuFeO2,4,0.0009500000000004505,3.600000000325565e-07
252,mp-2961,Mg2P4Si2,8,0.0009399999999999409,2.400000009838976e-07
937,mp-541989,CN2Na2,5,0.000920000000000254,4.700000002522131e-07
365,mp-10226,NaS2Y,4,0.0009100000000004105,1.200000001588819e-07
222,mp-8818,Ca2N2Zn,5,0.0009099999999993003,7.900000005278685e-07
635,mp-752561,F4O8Sb4,16,0.0008800000000008801,9.599999997722541e-07
323,mp-8697,B2O6Sc2,10,0.0008400000000001739,1.300000000981072e-06
320,mp-18946,B2O6V2,10,0.0008400000000001739,1.669999999620586e-06
122,mp-13033,MgTe,2,0.0008399999999999519,1.200000001588819e-07
1110,mp-19225,AgFeO2,4,0.000800000000000356,4.799999997473492e-07
1138,mp-13312,S4Sc2Tl2,8,0.0007800000000015572,7.200000013973806e-07
925,mp-1569,CBe2,3,0.000780000000000225,9.599999999387876e-07
858,mp-1170,S2Sn,3,0.0007800000000000029,1.1900000003173261e-06
124,mp-1479,BP,2,0.0007699999999999929,6.00000000239298e-08
223,mp-9306,N2Sr2Zn,5,0.0007600000000000939,6.500000000464468e-07
151,mp-571102,ITl,2,0.0007299999999998974,3.999999999999962e-08
412,mp-30250,Ag2O4Y2,8,0.0007000000000019213,1.879999997900228e-06
655,mp-38394,Al4Ba2Te8,14,0.0006800000000022344,7.299999997822937e-07
125,mp-1541,BeSe,2,0.0006500000000000394,1.200000001588819e-07
480,mp-9200,AuK3O,5,0.0006499999999998174,4.800000001914384e-07
1182,mp-24012,HHoSe,3,0.0006499999999998174,2.9999999995311555e-07
48,mp-23933,H6Al2,8,0.0006499999999997064,1.7000000018807526e-07
1409,mp-4152,Co2Ga4S8,14,0.0006000000000017103,6.400000014394891e-07
985,mp-760402,O16Rh4Ta4,24,0.0005800000000077965,1.2500000008408563e-06
144,mp-23231,AgBr,2,0.0005800000000000249,2.400000000957192e-07
877,mp-570935,I2Li2,4,0.000560000000000116,6.000000007944095e-08
99,mp-567680,Ba3Cl6,9,0.0005399999999988747,4.2000000022301975e-07
276,mp-558864,CrF6Hg,8,0.0005300000000002525,9.500000006656961e-07
624,mp-4809,Ga2HgS4,7,0.000520000000000298,9.599999990506092e-07
907,mp-1550,Al4P4,8,0.0005199999999998539,7.20000000065113e-07
206,mp-35795,BiF5Pb,7,0.0005100000000002325,8.400000006680841e-07
146,mp-23259,BrLi,2,0.0004999999999999449,5.999999996841865e-08
934,mp-441,Rb2Te,3,0.0004999999999999449,1.199999999368373e-07
895,mp-1848,Ru4Te8,12,0.0004999999999997229,2.1499999975915784e-06
977,mp-676002,Ba2F7Pr,10,0.0004999999999997229,1.5399999990783897e-06
215,mp-761341,O16Ti4V4,24,0.00048000000000492093,2.749999990392382e-06
129,mp-2490,Ga4P4,8,0.00048000000000048004,4.80000000413483e-07
321,mp-21434,C2Co2O6,10,0.00045999999999988064,7.200000002871576e-07
912,mp-252,BeTe,2,0.00045000000000006146,1.200000000478596e-07
1141,mp-22977,Cl6Cs2V2,10,0.0004399999999997739,4.899999999086191e-07
141,mp-22899,ILi,2,0.00042000000000008697,1.200000000478596e-07
133,mp-8062,CSi,2,0.00041000000000002146,4.800000001914384e-07
1014,mp-550433,Be4O8Zn4,16,0.00040000000000306457,1.2100000008619105e-06
940,mp-9146,CdHgO2,4,0.00039999999999995595,7.20000000065113e-07
802,mp-23210,Cl2Mg,3,0.00036999999999998145,1.8000000012730055e-07
5,mp-66,C8,8,0.00032,3.0999999999999957e-07
343,mp-7041,CaHgO2,4,0.00028000000000050207,4.799999999693938e-07
1078,mp-3915,BaHgO2,4,0.00026999999999999247,4.999999998478444e-07
994,mp-5072,HgO2Rb2,5,0.00025999999999998247,3.900000002943216e-07
1114,mp-7885,AgAlS2,4,0.0002500000000007496,4.1000000061686137e-07
1229,mp-722937,N16Zn48Zr48,112,0.0002400000000544189,2.6299999911216787e-06
1426,mp-20459,O3PbTi,5,0.00023000000000039655,3.3400000001293506e-06
1004,mp-14232,B2Li2O4,8,0.00020000000000042206,1.080000000319714e-06
147,mp-23268,INa,2,0.00020000000000020002,1.199999999368373e-07
1116,mp-1030015,Mg108N144W36,288,0.00019999999969733118,6.020000070439124e-06
1,mp-850274,H2,2,0.00018,2.999999999999998e-08
656,mp-545522,BiCoO3,5,0.00017999999999895877,3.4599999998441433e-06
896,mp-2604,Mg4Te8,12,0.0001700000000011137,8.400000004460395e-07
1227,mp-722294,N16Nb48Zn48,112,0.00016000000006100024,6.440000030139004e-06
478,mp-19343,B12Co8O26,46,0.00014000000000313761,2.060000008796692e-06
138,mp-2667,AuCs,2,0.000140000000000029,0.0
310,mp-33723,BiBrTe,3,0.00013000000000000002,1.5999999991578306e-07
1343,mp-1029851,Ge32N64Na64,160,0.0001200000001384538,2.209999948377117e-06
315,mp-1029920,C18N36Y12,66,0.00012000000001677336,4.2899999845857906e-06
1428,mp-559593,F18N45P9S27,99,0.00012000000000048474,1.139999997790131e-06
1414,mp-995219,C32H64O16,112,0.0001200000000003143,8.100000005728525e-07
1048,mp-570046,Mo12N48Sr36,96,0.00011999999997014399,2.920000001349621e-06
1117,mp-1030245,Ca54N72Re18,144,0.00011999999981426868,2.020000000380051e-06
529,mp-1029584,K8N56Si40,104,0.00010000000003307363,4.289999996576199e-06
1425,mp-20032,O3PbV,5,0.00010000000000043308,7.20000000065113e-07
264,mp-5782,Ag2Al2S4,8,0.00010000000000021103,7.099999996817985e-07
1157,mp-542435,Li48N32Sc16,96,0.00010000000000004,5.009999976213209e-06
674,mp-752664,Co6Li6O24P6,42,9.00000000010337e-05,2.649999993886709e-06
1228,mp-722913,Hf48N16Zn48,112,8.000000010222053e-05,2.4799999929214778e-06
1144,mp-1029616,Ba12N48Ta24,84,8.000000005337071e-05,2.3700000335580285e-06
505,mp-1376713,Ca12Mo8O28,48,8.000000003782759e-05,5.969999993027386e-06
286,mp-17012,N24Sr16V8,48,8.0000000024949e-05,4.560000014031118e-06
462,mp-36447,Al16Co8O32,56,8.000000002450491e-05,1.989999985463342e-06
1324,mp-4163,Ca12O28Ti8,48,8.000000001651131e-05,4.729999992125755e-06
259,mp-36912,Cd4Pr8S16,28,8.00000000129586e-05,1.0599999891169887e-06
913,mp-569673,I32Pr16,48,8.000000001207042e-05,3.000000026176508e-07
580,mp-17696,Ba16N24V8,48,8.000000001118224e-05,2.8699999914394425e-06
579,mp-1029832,Ca16N24Nb8,48,8.000000001118224e-05,5.490000001717732e-06
155,mp-1042110,O28Re8,36,8.000000001046059e-05,1.809999991386757e-06
552,mp-21609,Cu12N12Sr12,36,8.000000001029406e-05,8.900000016964782e-07
1226,mp-546936,Co8O32Rh16,56,8.000000000762952e-05,2.7899999894831495e-06
433,mp-866663,F32K12Ta4,48,8.000000000762952e-05,1.5400000010767911e-06
1366,mp-3247,Cs8S12Ti4,24,8.000000000407681e-05,3.2000000000015957e-07
1463,mp-18320,Be6Mn8O24Si6Te2,46,8.000000000230045e-05,1.8900000011701223e-06
516,mp-625378,H36Na4O20,60,8.000000000230045e-05,1.0100000016333155e-06
738,mp-971661,Si46,46,8.000000000185636e-05,5.100000004532035e-07
577,mp-1029550,Ca16Cr8N24,48,8.000000000141227e-05,4.0400000096418864e-06
1001,mp-569383,Ca20Co8N16,44,8.000000000019103e-05,2.3599999967593988e-06
512,mp-768573,Al4Lu12O24,40,8.000000000010776e-05,2.150000006917452e-06
150,mp-568560,BrTl,2,8.000000000008001e-05,1.0000000000000116e-08
1402,mp-27854,Cl32F8Ta8,48,7.999999999996898e-05,1.7900000006676464e-06
289,mp-17701,N24Nb8Sr16,48,7.999999999991347e-05,4.780000000259577e-06
304,mp-989615,N24W8Y8,40,7.999999999963592e-05,5.11999999641688e-06
1360,mp-1192582,Mg8Se16Si4,28,7.999999999785956e-05,3.7999999857873945e-07
157,mp-29721,H40B24,64,7.999999999730445e-05,5.900000001682337e-07
426,mp-772232,O52P16Tm8,76,7.999999999697138e-05,4.029999996046918e-06
249,mp-29089,Ge8N16Sr16,40,7.999999999697138e-05,1.009999999634914e-06
731,mp-677378,F8Nb4O16Ti4Tl4,36,7.999999999697138e-05,2.759999996104767e-06
202,mp-913,Cd8P16,24,7.99999999965273e-05,3.6999999819542495e-07
1017,mp-571085,Bi4Ga8Se16,28,7.99999999960832e-05,2.2799999999101317e-06
1420,mp-756570,O12Rb16Sn4,32,7.999999999430685e-05,6.400000018835783e-07
502,mp-1029422,N12Nb4Zn8,24,7.999999999341867e-05,2.589999998470205e-06
703,mp-542168,Co4Cs8O16Si4,32,7.999999998942187e-05,2.8700000038739404e-06
637,mp-866473,Ca16S24Sn4,44,7.99999999880896e-05,1.2500000101667297e-06
461,mp-35162,In16Mn8O32,56,7.999999998742346e-05,1.1990000000849932e-05
915,mp-1074,Rb32Si32,64,7.999999998697938e-05,8.30000004836684e-07
1373,mp-765970,O40Sn14Ti6,60,7.999999998498097e-05,2.879999991822757e-06
610,mp-30129,Li32N24Ta8,64,7.999999997920781e-05,2.1299999983792617e-06
1319,mp-1373149,O28W8Zn12,48,7.99999999756551e-05,5.010000010852167e-06
1224,mp-28452,Fe48N16W48,112,7.999999983754336e-05,4.7600000119274455e-06
1223,mp-12533,Hf4La4O14,22,7.000000000267903e-05,3.579999993341687e-06
1151,mp-1087549,Cs30N38W14,82,7.000000000118023e-05,8.899999741629472e-07
740,mp-632250,H,1,7e-05,0.0
434,mp-15492,Dy2O38Ta14,54,6.0000000080995264e-05,4.43999998367417e-06
207,mp-686129,Li80N48Ti16,144,6.000000003547612e-05,3.2299999856988393e-06
269,mp-29845,Cl27Cs9Hg9,45,6.0000000018378685e-05,5.700000038633135e-07
389,mp-998555,Br18In6Sn6,30,6.000000001726846e-05,1.3100000000321188e-06
356,mp-36775,Al12O24Sr6,42,6.000000001615824e-05,2.26999999242139e-06
390,mp-998569,Cl18Ge6In6,30,6.0000000009718946e-05,2.200000000229796e-07
394,mp-1213834,Br18Cs6Sc4,28,6.0000000004389875e-05,3.499999998712866e-07
400,mp-23029,Cs6I18Sb4,28,6.0000000004389875e-05,4.000000012327476e-07
1452,mp-571288,Ag8K4Se16Ta4,32,6.0000000003945786e-05,4.50000002372164e-07
1238,mp-1106051,Cu6Sb8Y6,20,6.0000000003945786e-05,1.6199999990362812e-06
1450,mp-557387,Nb2O12Sr4Tm2,20,6.00000000035017e-05,4.759999998604769e-06
1150,mp-1029965,K30N38Os14,82,6.0000000001947384e-05,1.9700000075673074e-06
616,mp-1118943,Cs24N40Re16,80,6.000000000172534e-05,3.240000003401633e-06
314,mp-504952,Ga6In6Se18,30,6.000000000128125e-05,7.300000001153606e-07
596,mp-567386,Cd6Cs4Te8,18,6.000000000128125e-05,6.099999994013672e-07
581,mp-643253,H12Ba4Pt2,18,6.0000000001059206e-05,6.800000010298568e-07
1039,mp-570248,C24N36Na12,72,6.0000000001003695e-05,2.049999988429363e-06
379,mp-34126,Cu12P30Sn3,45,6.000000000039307e-05,3.800000001330517e-07
1460,mp-11131,Ge4Hg6K4S16,30,6.0000000000184905e-05,7.299999999349494e-07
972,mp-768203,H12Be6,18,6.000000000017103e-05,5.900000007441619e-07
1122,mp-554868,Al3Mo12S24,39,6.000000000008429e-05,8.200000016500564e-07
1443,mp-505321,Cs4Cu8Nb4Te16,32,6.000000000008082e-05,2.699999988309276e-07
855,mp-651723,C30N24,54,6.000000000004613e-05,3.4000000226352967e-07
1030,mp-9330,Cd6P6S18,30,5.999999999997674e-05,2.0299999952122505e-06
1149,mp-1029863,K30N38Re14,82,5.999999999983796e-05,2.4399999956070673e-06
305,mp-757174,F36Li6Mn12,54,5.9999999999747755e-05,4.4000000007371476e-07
1345,mp-640885,Cu12Er4Te12,28,5.999999999973796e-05,1.1300000022362866e-06
1317,mp-1029442,Mg8N12Ta4,24,5.9999999999615916e-05,2.300000039312522e-07
1060,mp-1029602,C18N36Sc12,66,5.9999999999060805e-05,5.72999995451795e-06
692,mp-555217,Dy6F2O24Se8,40,5.9999999999060805e-05,1.199999991263745e-06
316,mp-1188957,Br6Ir2Te12,20,5.9999999999060805e-05,3.399999994879721e-07
465,mp-753222,Co2Fe4O8,14,5.9999999998616715e-05,1.4399999965775123e-06
1417,mp-28408,Cl24K8Tc8,40,5.9999999998172626e-05,1.000000001250001e-06
181,mp-568556,C2B48Mg4,54,5.999999999772854e-05,5.000000002062541e-07
1143,mp-28486,Cs4Ni6S8,18,5.999999999772854e-05,3.8999999996125467e-07
281,mp-1029627,Mg16N24Re8,48,5.9999999997617515e-05,1.7699999999010174e-06
684,mp-17389,Ag2Pr6Se14Si2,24,5.999999999684036e-05,5.499999971014802e-07
1169,mp-771147,Dy8O52P16,76,5.999999999628525e-05,6.209999994677418e-06
159,mp-556218,O48Si24,72,5.999999999439787e-05,7.2699999864589415e-06
687,mp-554553,Cu2Ho6S14Sn2,24,5.999999999151129e-05,4.80000000119488e-07
1222,mp-542496,Ag32Ca12N2,46,5.999999999062311e-05,1.3500000002331092e-06
1424,mp-769953,O28Tb8Ti8,44,5.999999998351768e-05,2.139999993211461e-06
669,mp-585189,Li4Mn16O48P12,80,5.9999999982185415e-05,3.589999993947046e-06
1447,mp-17313,Al16Be2Mg6O32,56,5.9999999975524076e-05,4.480000006079621e-06
1236,mp-14001,As32Ba32Si8,72,5.999999997507999e-05,1.929999990490927e-06
649,mp-541040,Be4Ge2O14Y4,24,5.0000000002548006e-05,1.550000000127838e-06
1148,mp-1029862,Mo14N38Na30,82,5.000000000088267e-05,1.4000000088110198e-06
591,mp-850957,Na12O14Ti4,30,4.999999999995286e-05,1.3799999969421606e-06
1051,mp-676361,Cl18Er3Li9,30,4.999999999921734e-05,8.800000013131637e-07
1221,mp-28734,Cl15CoZr6,22,4.99999999955536e-05,1.610000002094658e-06
1147,mp-1029850,Cr14K30N38,82,4.9999999991445776e-05,5.649999993861954e-06
1146,mp-1029918,Ba12N48V24,84,4.000000007930993e-05,2.809999999575652e-06
1326,mp-7290,Er12Ga4S24,40,4.0000000030460114e-05,2.36000000164438e-06
288,mp-17518,N24Sr16Ta8,48,4.000000002868376e-05,1.8899999894017583e-06
391,mp-30539,O24W4Y8,36,4.000000002579718e-05,1.9400000050850963e-06
1145,mp-1029619,Ba12N48Re24,84,4.000000002146731e-05,3.8099999994933853e-06
1010,mp-38125,Cd4Se16Sm8,28,4.0000000019357884e-05,1.4400000030168059e-06
1350,mp-5029,Cu8Ho8O20,36,4.0000000018025617e-05,1.6499999970776003e-06
953,mp-21823,Mn8O32Pb16,56,4.000000001669335e-05,1.5499999879153847e-06
287,mp-17400,Ba16N24Ta8,48,4.00000000144729e-05,1.7499999906966934e-06
1416,mp-18163,Cd16Ge4Se24,44,4.00000000144729e-05,1.360000015049323e-06
254,mp-34116,Mg4S16Tm8,28,4.0000000013140635e-05,2.0799999966847338e-06
638,mp-13643,Er8Ge8O28,44,4.0000000012696546e-05,2.9800000116431136e-06
575,mp-8725,Hf4S12Sn4,20,4.000000001180837e-05,2.630000006664801e-06
1237,mp-1105594,Cu6La6Sb8,20,4.000000001180837e-05,6.500000022668928e-07
1315,mp-1029387,N12Ta4Zn8,24,4.000000001180837e-05,1.2000000042533543e-06
484,mp-774833,Na4O32V20,56,4.000000001136428e-05,1.2000000000622624e-06
571,mp-567629,Br12Cs4Pb4,20,4.0000000010254055e-05,5.399999962740765e-07
500,mp-1029262,N12V4Zn8,24,4.000000000914383e-05,2.640000000608822e-06
501,mp-1029368,Mg8N12V4,24,4.000000000914383e-05,2.3699999971427133e-06
1442,mp-554929,Cs2Nb4Nd2O14,22,4.00000000084777e-05,2.7500000103763966e-06
1337,mp-29911,Ba12O4Sb8,24,4.0000000008255654e-05,1.5400000044074602e-06
1210,mp-866163,In4Rh8Y4,16,4.0000000008255654e-05,2.1400000025373345e-06
1217,mp-867829,Li4Rh8V4,16,4.0000000007367476e-05,1.429999998858733e-06
510,mp-753401,O20Sc8Ti4,32,4.0000000007367476e-05,2.6200000000642376e-06
1195,mp-865320,Lu8Pd4Ru4,16,4.0000000007367476e-05,4.6999999736563325e-07
94,mp-2833,Ir8S16,24,4.0000000006923386e-05,8.800000030895205e-07
1403,mp-28719,Au8Ba4F32,44,4.000000000670134e-05,9.199999950748605e-07
225,mp-1029625,Li8N16Ta8,32,4.00000000064793e-05,2.2999999980122254e-06
620,mp-35031,Cu2Pr10Se16,28,4.00000000064793e-05,9.699999972134776e-07
916,mp-1217,K32Si32,64,4.000000000581316e-05,6.09999990519583e-07
457,mp-1029293,Cs4N8V4,16,4.000000000581316e-05,4.660000001432962e-06
1359,mp-1190131,La4S12Sc4,20,4.000000000559112e-05,1.4300000032996252e-06
540,mp-10533,Cu4S8Y4,16,4.000000000559112e-05,8.399999993358165e-07
553,mp-22982,Bi4Cu4S8,16,4.000000000559112e-05,9.5999999860652e-07
1201,mp-865791,Cr4Ru8Si4,16,4.000000000559112e-05,5.250000008061306e-06
578,mp-1029773,Ca16N24Ta8,48,4.000000000559112e-05,2.249999994319296e-06
1013,mp-540900,B24O48Pd12,84,4.0000000005369074e-05,2.4499999928817573e-06
261,mp-38728,Er8S16Sr4,28,4.000000000514703e-05,1.410000010526602e-06
1015,mp-675620,Nd8Pb4S16,28,4.000000000514703e-05,2.500000000071889e-07
1309,mp-989617,N12W4Y4,20,4.000000000514703e-05,2.2199999953897986e-06
668,mp-755051,Cr4Fe2Li6O12,24,4.000000000514703e-05,2.6300000006695967e-06
711,mp-16773,K2O24P8Tb2,36,4.000000000514703e-05,2.0300000125317297e-06
470,mp-778152,O14Pt4Sc4,22,4.0000000004924985e-05,1.9199999936603263e-06
160,mp-570044,I32Nb8,40,4.0000000004869474e-05,1.3799999992181178e-06
1396,mp-28769,K4Se16Sn8,28,4.000000000470294e-05,4.799999999138826e-07
690,mp-1210275,Ga2Na6Sb8Sr6,22,4.000000000470294e-05,3.700000053008523e-07
1218,mp-867899,Ir4Rh4Sm8,16,4.000000000470294e-05,1.3200000004154333e-06
1459,mp-554138,F4O20Pr8Sb4,36,4.000000000470294e-05,1.1799999957151641e-06
474,mp-1246430,Mo2N8Zn6,16,4.000000000381476e-05,1.930000000704979e-06
727,mp-18129,Ga4La4O2S12Zn2,24,4.000000000381476e-05,1.4199999989195078e-06
760,mp-568301,Bi4Br12,16,4.000000000359272e-05,5.199999986160719e-07
634,mp-541291,Mo8N24Na24,56,4.000000000359272e-05,3.3299999966374116e-06
1362,mp-19727,C4N8Pb4,16,4.000000000337067e-05,9.500000022200084e-07
136,mp-11661,N16Zr12,28,4.0000000002926583e-05,2.619999996955613e-06
569,mp-5587,Ba8S12Zn4,24,4.0000000002926583e-05,7.100000019022445e-07
639,mp-14649,Ge8O28Tb8,44,4.0000000002926583e-05,6.45000002386098e-06
1355,mp-1029702,Mg4N8Ti4,16,4.0000000002926583e-05,3.930000003204981e-06
1365,mp-29175,Au4Ca8N4,16,4.0000000002926583e-05,7.200000036178267e-07
354,mp-23827,H12Cl2Sr7,21,4.0000000002926583e-05,8.799999995368069e-07
993,mp-28824,Co8Na24O16,48,4.0000000002593517e-05,1.9199999973240622e-06
990,mp-27741,Au4I4Te4,12,4.0000000002482494e-05,4.599999997578763e-07
1249,mp-1214080,Ca12I12Sb4,28,4.0000000002482494e-05,1.0399999985644115e-06
1131,mp-28108,Na16Sn4Te16,36,4.000000000226045e-05,2.500000009231229e-07
999,mp-27938,I8S2Tl12,22,4.0000000002038405e-05,2.500000007010783e-07
417,mp-754384,O8Sc4Tl4,16,4.0000000002038405e-05,6.599999982093152e-07
1308,mp-504498,Cd4K8Pb4,16,4.0000000002038405e-05,8.299999971761451e-07
570,mp-558760,S12Sr4Zr4,20,4.0000000002038405e-05,5.999999939110268e-07
1203,mp-866051,Fe8Hf4Sn4,16,4.0000000002038405e-05,5.239999999240297e-06
960,mp-776470,Hf12N16,28,4.0000000002038405e-05,4.060000002858999e-06
1316,mp-1029408,Mg8N12Nb4,24,4.0000000002038405e-05,1.7499999950265632e-06
1202,mp-865892,Ca4Li8Pb4,16,4.0000000002038405e-05,1.2199999988027344e-06
532,mp-571242,Cl16Co4Rb8,28,4.000000000192738e-05,7.299999996712714e-07
533,mp-755685,O12Sm4Y4,20,4.0000000001594316e-05,2.1399999940996395e-06
296,mp-861057,Ca8O20Tl8,36,4.0000000001594316e-05,2.120000007099776e-06
1244,mp-984350,Au12Dy12Sb16,40,4.0000000001594316e-05,1.0300000008456323e-06
550,mp-18725,Cr4O12Y4,20,4.0000000001594316e-05,1.790000004886494e-06
1411,mp-27782,F14I2Xe2,18,4.0000000001483293e-05,5.299999996976126e-07
1177,mp-29314,Br18Rb6V6,30,4.000000000137227e-05,4.699999985868786e-07
523,mp-29432,Cl16Na4Sc4,24,4.000000000137227e-05,4.800000011906391e-07
518,mp-18500,Au2K6Sn8,16,4.0000000001150227e-05,2.9000000012491256e-07
959,mp-567744,Br8Sr4,12,4.0000000001150227e-05,6.600000004297613e-07
1036,mp-29199,Ba12Cu12N12,36,4.0000000001150227e-05,8.200000010116781e-07
1032,mp-1189986,Ca6Ga4P8,18,4.0000000001150227e-05,1.079999996989045e-06
726,mp-19234,Ba8F16O12W4,40,4.0000000001150227e-05,7.399999983892513e-07
683,mp-17155,Ag2La6Se14Sn2,24,4.000000000070614e-05,5.300000016639217e-07
1044,mp-643895,H10Cs6Mg2,18,4.000000000070614e-05,5.799999992506244e-07
1094,mp-1029655,N6Sr6W2,14,4.000000000070614e-05,6.100000020659024e-07
622,mp-36252,Cu2Nd10Se16,28,4.000000000070614e-05,1.1999999989242838e-06
975,mp-704718,I32Pt12,44,4.000000000070614e-05,1.0000000001952891e-06
1031,mp-1105775,Cl8Os2Sc8,18,4.000000000070614e-05,8.200000018998566e-07
965,mp-557719,Pb8S8,16,4.0000000000595115e-05,1.909999995497458e-06
542,mp-1193604,Be4Cl16Cs8,28,4.000000000048409e-05,3.0999999622860486e-07
717,mp-623028,Ag2Cs4Nb2S8,16,4.000000000048409e-05,3.699999999717818e-07
250,mp-1009088,As8Be4Ge4,16,4.000000000048409e-05,5.900000019654073e-07
169,mp-989635,Ca4Mo4N12,20,4.000000000037307e-05,3.180000001101746e-06
228,mp-1214794,As4Ru4Se4,12,4.000000000026205e-05,2.7499999997182556e-06
1357,mp-1105094,Cl12Hg4Tl4,20,4.000000000026205e-05,5.199999969507374e-07
227,mp-1214793,As4Os4S4,12,4.000000000026205e-05,1.1999999998124622e-06
226,mp-1103213,Os4Sb4Te4,12,4.000000000026205e-05,9.600000021592336e-07
647,mp-14415,Be4Ge2O14Pr4,24,4.000000000026205e-05,2.0099999999967366e-06
1035,mp-28899,As6Br2Hg4,12,4.000000000026205e-05,3.600000000325565e-07
1165,mp-1219458,Rh4Sb4Te4,12,4.000000000026205e-05,9.500000013318299e-07
694,mp-866640,H24Ir4Li4Mg4,36,4.000000000026205e-05,1.149999998339979e-06
312,mp-570238,Au7IP10,18,4.000000000026205e-05,2.0999999972293182e-07
1179,mp-768353,O18Tm6Y6,30,4.000000000026205e-05,6.899999998033479e-07
450,mp-865964,Ca4Li8Sn4,16,4.000000000026205e-05,9.199999988496188e-07
403,mp-1029869,K30Mo14N38,82,4.000000000026205e-05,2.230000005987165e-06
1209,mp-866154,Be4Ir8Ti4,16,4.000000000026205e-05,5.969999998356457e-06
646,mp-9780,Ag2Hf2Rb2Te6,12,4.0000000000095515e-05,3.4999999994067554e-07
509,mp-555918,Hg16O24Se8,48,4.0000000000095515e-05,2.379999997303983e-06
988,mp-1102534,Os4P4S4,12,4.0000000000075565e-05,1.9200000007657536e-06
406,mp-1188535,I10NiY6,17,4.000000000006082e-05,7.800000003665986e-07
629,mp-10519,Cu8S12Sn4,24,4.0000000000040004e-05,7.099999976833971e-07
632,mp-18762,Co4Na16O12,32,4.0000000000040004e-05,1.8499999994148197e-06
609,mp-14340,Pd6Rb4Se8,18,4.0000000000040004e-05,3.399999997100167e-07
541,mp-1103471,As4La4S4,12,4.0000000000040004e-05,1.1599999991673826e-06
404,mp-1029967,N38Rb30W14,82,4.0000000000040004e-05,2.4700000033073266e-06
1320,mp-1374543,Mo8O28Zn12,48,4.0000000000040004e-05,2.240000001041409e-06
735,mp-160,B12,12,4.0000000000040004e-05,2.6000000000192536e-07
1349,mp-20692,Ge4Mn4N8,16,4.0000000000040004e-05,6.000000016825879e-07
737,mp-864900,Hg58,58,4.0000000000026126e-05,1.3000000000790157e-07
295,mp-624190,Ge4Pb4S12,20,4.000000000001919e-05,3.4000000548317644e-07
504,mp-1370470,Ca12O28V8,48,4.000000000001225e-05,4.419999991789325e-06
623,mp-38162,Cu2Se16Sm10,28,4.000000000001225e-05,1.0900000009250732e-06
248,mp-1029347,K4N4Pt4,12,4.0000000000000024e-05,5.599999997052407e-07
983,mp-12804,Al4Si4Sm4,12,4e-05,6.800000014184349e-07
662,mp-504611,Cs4F12Fe2Na2,20,3.999999999998449e-05,4.0000000001150227e-07
788,mp-561153,F12Xe4,16,3.999999999998449e-05,8.100000008504082e-07
631,mp-17791,Cd16Se24Si4,44,3.999999999998449e-05,8.300000038374833e-07
317,mp-1190798,C6Cr4N12,22,3.999999999995674e-05,1.0700000009356003e-06
496,mp-30294,S16Sn4Sr8,28,3.99999999999331e-05,9.700000018764143e-07
101,mp-573514,Cs8Sb8,16,3.999999999992898e-05,2.9999999995311555e-07
708,mp-17792,Ge4Hg6K4S16,30,3.999999999992898e-05,6.500000000186912e-07
498,mp-23427,Bi8O24Ti6,38,3.999999999992898e-05,2.759999991663875e-06
302,mp-571162,Ca12Ga8N16,36,3.9999999999915103e-05,2.4899999959693275e-06
989,mp-20316,P4Pb4Se12,20,3.9999999999845715e-05,1.1999999962597485e-06
617,mp-1119092,Cs24N40W16,80,3.999999999981796e-05,2.8300000129988234e-06
349,mp-8946,B6S12Tl6,24,3.999999999981796e-05,5.999999936889822e-07
1135,mp-1205652,Cl6Ni2Tl2,10,3.999999999981796e-05,4.1000000050583907e-07
676,mp-1189341,Hf2Pb2Se8Tl4,16,3.999999999981796e-05,2.6299999995593737e-06
630,mp-16839,N12Na12W4,28,3.999999999976245e-05,1.590000000550873e-06
495,mp-21892,Al8O16Pb4,28,3.999999999976245e-05,2.8500000042175344e-06
838,mp-541013,I8Ti2,10,3.999999999970694e-05,3.499999985945301e-07
422,mp-1228724,As4Rh4Se4,12,3.999999999970694e-05,4.800000010796168e-07
408,mp-30001,Ba32N38Nb10,80,3.999999999970694e-05,1.8100000063192567e-06
786,mp-30930,Al4I12,16,3.999999999970694e-05,2.0999999944537606e-07
613,mp-560748,Cl24F16Sb8,48,3.9999999999595914e-05,9.299999998990671e-07
282,mp-1246788,Mg4N6Nb2,12,3.9999999999595914e-05,1.9100000008265283e-06
688,mp-1106080,C6Ba6Ir2N6,20,3.999999999937387e-05,1.1700000017711432e-06
1381,mp-1080693,Bi4Cs4Pd2,10,3.999999999937387e-05,3.599999991443781e-07
559,mp-31116,La4O12Sc4,20,3.999999999937387e-05,2.6100000023454584e-06
428,mp-29909,Ba8I12O2,22,3.999999999937387e-05,5.499999979896586e-07
1172,mp-29117,I14Ta6Te2,22,3.999999999937387e-05,7.100000014581553e-07
1418,mp-30126,B8Ba4S16,28,3.9999999999207336e-05,1.7299999957032242e-06
423,mp-1228810,As4Ir4Se4,12,3.9999999999151825e-05,6.69999999813875e-07
562,mp-697047,H8Li6Rh2,16,3.999999999892978e-05,3.0999999978131854e-07
1062,mp-1238804,Cs8I12Pb2,22,3.9999999998707736e-05,1.800000022367243e-07
221,mp-8666,Ag8Cs8O8,24,3.9999999998707736e-05,1.4199999991415524e-06
1400,mp-677323,Li22Sb10Ti2,34,3.999999999848569e-05,8.09999998185873e-07
265,mp-675645,Pb4S16Tb8,28,3.999999999848569e-05,3.330000003742839e-06
167,mp-8253,Na5O6Re,12,3.999999999848569e-05,2.3000000037853852e-07
528,mp-1019550,Be4Ge4N8,16,3.999999999848569e-05,2.6100000001250123e-06
1197,mp-865384,Pd4Ru4Tm8,16,3.999999999848569e-05,1.2099999997516875e-06
1232,mp-999052,Al4Mn4Ti8,16,3.999999999848569e-05,9.599999999387876e-07
1200,mp-865603,Ir4Rh4Y8,16,3.999999999848569e-05,1.4299999997469115e-06
1211,mp-866178,Al4Li8Nd4,16,3.999999999848569e-05,7.399999988333406e-07
593,mp-15999,Au2Li6S4,12,3.999999999848569e-05,5.900000008551842e-07
318,mp-1205361,I6Rh2Te12,20,3.999999999848569e-05,7.100000003479323e-07
1410,mp-27539,La4O10Re2,16,3.999999999848569e-05,2.1500000024765598e-06
455,mp-867507,Fe8Ga4Ta4,16,3.999999999848569e-05,3.810000005266545e-06
628,mp-975115,O8Rb2Tc2,12,3.999999999848569e-05,4.699999989199455e-07
1239,mp-1190030,Au6La6Sb8,20,3.999999999826365e-05,7.400000009982755e-07
471,mp-1101755,Ge4Pt4S4,12,3.99999999980416e-05,3.1000000000336314e-07
472,mp-1245510,Mg6Mo2N8,16,3.99999999980416e-05,1.3099999991439404e-06
1351,mp-972448,B4S12Sm4,20,3.99999999980416e-05,7.100000054549582e-07
1139,mp-14624,Au2K10P4,16,3.99999999980416e-05,5.399999993827009e-07
534,mp-771248,Ge8Na8O20,36,3.999999999781956e-05,1.3200000035240578e-06
693,mp-1191203,Cu4Ni4S12Sb4,24,3.999999999759751e-05,8.500000000521979e-07
429,mp-29910,I12O2Sr8,22,3.999999999759751e-05,5.499999979896586e-07
447,mp-861950,Au4Ca8Sb4,16,3.999999999759751e-05,3.3400000003513952e-06
51,mp-942,Au6F18,24,3.999999999748649e-05,5.800000002498251e-07
1019,mp-754605,Li4Lu4O8,16,3.999999999737547e-05,4.279999998191286e-06
702,mp-560625,Cl2O8Pb2Re2,14,3.9999999997153424e-05,1.1799999996009447e-06
1196,mp-865374,Os4Pd4Tm8,16,3.999999999693138e-05,1.679999999781856e-06
543,mp-1207629,O12Rh4Y4,20,3.9999999996709334e-05,2.2900000018477584e-06
1174,mp-555218,Ba8Br12O2,22,3.9999999996709334e-05,8.59999996993821e-07
1213,mp-867146,Nb4Ru8Sc4,16,3.9999999996709334e-05,2.620000000952416e-06
1184,mp-3652,Fe4S12Ta18,34,3.9999999996709334e-05,9.799999967086137e-07
473,mp-1245967,N8W2Zn6,16,3.9999999996709334e-05,4.799999997473492e-07
1219,mp-867912,Ba8Hg4Sn4,16,3.999999999648729e-05,9.099999995765273e-07
1374,mp-556857,Cd4O12V4,20,3.999999999648729e-05,2.8099999997976965e-06
706,mp-567177,Ag8K4Nb4Se16,32,3.99999999960432e-05,5.900000040193198e-07
636,mp-8479,S16Si4Tl16,36,3.9999999995821156e-05,5.499999982117032e-07
1462,mp-695170,Al6N4Nd6O24Si6,46,3.999999999537707e-05,5.020000001909608e-06
653,mp-771260,Hf8O28Y8,44,3.999999999537707e-05,2.339999996880948e-06
460,mp-23341,Bi4O14Pt4,22,3.999999999515502e-05,3.5200000019219857e-06
1220,mp-979420,Er4Ir8Y4,16,3.999999999493298e-05,3.3499999947395054e-06
1189,mp-861978,Hf8Ir4Re4,16,3.999999999493298e-05,3.7999999964455355e-06
524,mp-755802,K8Mg4O8,20,3.999999999493298e-05,8.499999983868634e-07
1205,mp-866085,Ir4Rh4Tm8,16,3.999999999493298e-05,2.6299999995593737e-06
1188,mp-861507,Al4Ir8Sc4,16,3.99999999940448e-05,4.039999994542853e-06
1435,mp-23571,Ba8Bi6K2O2,18,3.999999999315662e-05,5.899999986347382e-07
1198,mp-865519,Ru8Ta4Y4,16,3.999999998960391e-05,2.159999997974893e-06
1192,mp-865179,Fe4Hf8Os4,16,3.999999998871573e-05,2.8899999948706068e-06
438,mp-1019560,B8Ca8O20,36,3.999999998671733e-05,8.399999955610582e-07
180,mp-768440,Li24S32V8,64,3.9999999986051193e-05,6.400000005513107e-07
135,mp-11660,Hf12N16,28,3.9999999979833945e-05,5.020000012567749e-06
1405,mp-33449,AgS8Tb5,14,3.0000000006413785e-05,1.6800000013361682e-06
768,mp-672204,Ga12Ru4,16,3.000000000330516e-05,2.140000001205067e-06
1155,mp-1019589,Ce3O16Zr5,24,3.000000000330516e-05,4.300000014723082e-06
1118,mp-29305,O24Pb3Re6,33,3.0000000002528004e-05,2.629999998227106e-06
521,mp-3838,Li10N8Re2,20,3.0000000001528804e-05,7.100000010140661e-07
469,mp-765466,Co2Ga4O8,14,3.0000000001528804e-05,1.2100000001957767e-06
1082,mp-573316,Cs2Pt4Se6,12,3.000000000130676e-05,1.7000000052114217e-07
212,mp-559724,Br8S9Ta4,21,3.000000000130676e-05,5.900000000780281e-07
436,mp-29877,H27K6Re3,36,3.000000000091818e-05,5.60000000343619e-07
482,mp-1120741,Cl6Cs2Hf,9,3.000000000086267e-05,1.3999999997894576e-07
441,mp-27834,Cl6PtTl2,9,3.000000000041858e-05,3.499999995382197e-07
939,mp-753802,O7Sc2Ti2,11,3.000000000027113e-05,2.3800000028550983e-06
476,mp-1025396,NbSe4Tl3,8,3.0000000000196536e-05,7.199999998430684e-07
611,mp-33940,Mg4O8Pt2,14,3.0000000000141025e-05,2.1300000008217523e-06
468,mp-755731,O14Pb4Ta4,22,3.000000000010373e-05,1.659999999933763e-06
1448,mp-17568,Ag6Ge6P12Sn4,28,3.000000000009939e-05,1.0200000013504962e-06
1178,mp-504607,In6O18Y6,30,3.0000000000090017e-05,4.039999987437426e-06
1043,mp-29287,Br10Co2Cs6,18,3.0000000000085514e-05,1.699999971904731e-07
1101,mp-9272,Pt4S6Tl2,12,3.0000000000085514e-05,4.600000000909432e-07
958,mp-13336,RbSc5Te8,14,3.0000000000057758e-05,1.5499999999057934e-06
594,mp-3592,Au4K4S20,28,3.0000000000033472e-05,4.6999999974567386e-07
165,mp-7219,Na4Se6Zr2,12,3.0000000000030003e-05,9.500000015538745e-07
464,mp-4842,Al4S8Zn2,14,3.0000000000030003e-05,9.500000008877407e-07
1052,mp-29796,Al9Cl36Ho3,48,3.0000000000002247e-05,7.000000032397757e-07
625,mp-1223306,LaTe6Tl9,16,3.0000000000002247e-05,3.6999999863951416e-07
1121,mp-541937,In6S12Zn3,21,2.999999999999998e-05,1.810000006763346e-06
1068,mp-1079364,Cs2F6Tc,9,2.999999999997449e-05,3.0000000006413785e-07
1434,mp-560515,Cl10K4ORu2,17,2.999999999997449e-05,4.5999999961909843e-07
633,mp-5151,Cd8Ge2S12,22,2.999999999997449e-05,1.2100000001957767e-06
1096,mp-643047,H12Ba3Ir2,17,2.999999999991898e-05,7.099999999038431e-07
1314,mp-27442,Cr4I12Rb4,20,2.999999999986347e-05,2.3999999831936236e-07
172,mp-1147776,K3Se4V,8,2.9999999999308358e-05,3.3000000065896984e-07
369,mp-1176792,Ag3F6Li3,12,2.9999999999308358e-05,4.800000010796168e-07
698,mp-14037,F6NaRhTl2,10,2.9999999999308358e-05,5.999999996841865e-07
1186,mp-5478,O8Pd6Tl2,16,2.9999999999308358e-05,9.400000002823816e-07
313,mp-504482,Al6In6S18,30,2.9999999999308358e-05,2.130000001043797e-06
458,mp-1400392,Cr4Mg2S8,14,2.9999999998642224e-05,7.100000019022445e-07
850,mp-32899,Li22S11,33,2.999999999797609e-05,6.700000050319233e-07
283,mp-1385961,Co2F10Mg2,14,2.9999999997643023e-05,1.1800000006001454e-06
463,mp-4086,La4O14Sn4,22,2.9999999996199733e-05,3.5899999999422505e-06
409,mp-31231,Mo4N14Sr10,28,2.9999999993535198e-05,2.7399999913413353e-06
1333,mp-674842,Er4O14Zr4,22,2.999999999220293e-05,4.289999998352556e-06
979,mp-1019893,La6N22Si12,40,2.000000001878277e-05,1.1900000025377722e-06
724,mp-557343,B4O28P4Zn12,48,2.000000001389779e-05,1.429999985980146e-06
10,mp-510032,Ge12Os8,20,2.00000000134537e-05,3.1100000024153474e-06
654,mp-8346,Ge8Lu8O28,44,2.0000000011677344e-05,2.3900000050147696e-06
1421,mp-14420,Be4Er4Ge2O14,24,2.0000000007902585e-05,2.7600000043204176e-06
1230,mp-756347,O14Pt4Y4,22,2.000000000768054e-05,1.0900000007030286e-06
686,mp-554150,Cu2Ge2Nd6S14,24,2.000000000768054e-05,7.599999984897465e-07
1346,mp-640889,Cu12Te12Tm4,28,2.000000000768054e-05,1.7399999983069847e-06
439,mp-12955,Ag4Ho4Se8,16,2.000000000723645e-05,1.4500000005135405e-06
700,mp-18789,C16Co4O16Tl4,40,2.0000000006403784e-05,1.8400000015850182e-06
1429,mp-1228784,Ba10Br4IN5,20,2.0000000006348273e-05,8.500000023836662e-07
1453,mp-1105201,Ba5In4S7Te4,20,2.0000000006348273e-05,9.600000037135459e-07
566,mp-1213733,Cr2Mo2O8,12,2.0000000006348273e-05,3.5699999987315323e-06
671,mp-1104693,C6H2Ca4Li2,14,2.000000000612623e-05,1.430000000302023e-06
918,mp-552,Sb8Th6,14,2.0000000005904184e-05,3.6000000180891334e-07
184,mp-1029349,N4Se6Y8,18,2.0000000005460095e-05,4.799999970828139e-07
1397,mp-541032,As10I2Te14,26,2.0000000005460095e-05,2.039999999592368e-06
175,mp-22506,As6Cs12In2,20,2.0000000005460095e-05,3.600000002546011e-07
1445,mp-1105268,C6Ba6N6Rh2,20,2.0000000005460095e-05,8.7000000048576e-07
1437,mp-1188093,Pb2S8Tl4Zr2,16,2.0000000005460095e-05,1.0600000019955758e-06
1408,mp-38442,Cs2Nd10Se16,28,2.0000000005016005e-05,2.519999990457933e-06
1168,mp-27853,Br8Hg12Te8,28,2.0000000005016005e-05,4.5000000081785174e-07
663,mp-1191787,Ca6Li2O12Os2,22,2.0000000005016005e-05,2.8700000038739404e-06
709,mp-1217830,O12Ta2Tl2W2,18,2.0000000004571916e-05,3.8000000004423384e-06
648,mp-14416,Be4Ge2O14Sm4,24,2.0000000004571916e-05,3.330000001966482e-06
357,mp-541368,O7Tl4V2,13,2.0000000003683738e-05,7.100000001258877e-07
467,mp-755026,La4O14Pt4,22,2.000000000323965e-05,4.179999998799033e-06
699,mp-562523,Cs6F6Mo4O12,28,2.000000000323965e-05,1.9599999948605173e-06
666,mp-559864,Br2In2S8Sb4,16,2.000000000323965e-05,1.6600000007915838e-06
355,mp-29927,Br2F12Pb7,21,2.0000000003017604e-05,1.0399999996746345e-06
721,mp-1213705,Cs4Ga2Na2P4,12,2.000000000279556e-05,7.300000008925167e-07
432,mp-556049,Br12O2Sr8,22,2.000000000279556e-05,6.600000004297613e-07
980,mp-16995,N22Si12Sm6,40,2.000000000279556e-05,9.49999997335027e-07
1137,mp-1228446,C2Al6B2,10,2.000000000279556e-05,5.100000022295603e-07
224,mp-1029595,N8Na12Os4,24,2.000000000235147e-05,1.0699999994923104e-06
539,mp-1029536,Mg4N8Zr4,16,2.000000000235147e-05,1.549999995020812e-06
1021,mp-1178424,Co2Ni2O6,10,2.000000000235147e-05,9.500000013318299e-07
247,mp-558781,O8Sc2Ta2,12,2.000000000235147e-05,1.669999999620586e-06
1458,mp-15221,Cu2Nb2Rb4S8,16,2.000000000235147e-05,8.399999986696827e-07
1430,mp-23774,H12Al2K4Li2,20,2.000000000235147e-05,3.4999999842799667e-07
299,mp-19247,O8Sc2V2,12,2.0000000002129426e-05,9.499999960027594e-07
271,mp-19331,Mn2Ni2O6,10,2.000000000190738e-05,1.1900000012055045e-06
1055,mp-1019323,HN3Th2,6,2.000000000190738e-05,5.100000013413819e-07
53,mp-655,As6Na18,24,2.000000000190738e-05,1.0399999985644115e-06
503,mp-1095180,As4Ca4Cd2,10,2.000000000190738e-05,4.799999988591708e-07
730,mp-767688,C2Na2Nd2O14P2,22,2.0000000001685336e-05,8.999999982495233e-07
68,mp-540783,O8Os2,10,2.0000000001685336e-05,8.200000005675889e-07
319,mp-15013,B6Rb6S12,24,2.0000000001685336e-05,1.9000000128777117e-07
1307,mp-29187,Co4P12Si12,28,2.0000000001518803e-05,1.7299999970354918e-06
1003,mp-1013527,Be4Ge4P8,16,2.0000000001463292e-05,9.600000014930998e-07
675,mp-753899,C2FeLiO6,10,2.0000000001463292e-05,1.240000000901631e-06
220,mp-8603,Ag4O4Rb4,12,2.0000000001463292e-05,2.7999999918648655e-07
1455,mp-17128,Cs2O24P8Tb2,36,2.0000000001463292e-05,1.0600000048821556e-06
685,mp-510539,Cu2Dy6Se14Sn2,24,2.0000000001463292e-05,1.2799999997703537e-06
857,mp-1027692,Mo4Se8,12,2.0000000001241247e-05,1.6999999993827508e-07
1378,mp-28557,Ag4Cl8Pd2,14,2.0000000001241247e-05,2.700000000244174e-07
720,mp-569454,As4Br4Cd4Hg4,16,2.0000000001241247e-05,1.9000000117674887e-07
1045,mp-9075,Cd2Cu2F8,12,2.0000000001130225e-05,9.999999999177334e-07
185,mp-1029784,C3N6Rb6,15,2.0000000001130225e-05,7.799999990343309e-07
1037,mp-29894,Hg4O8W2,14,2.0000000001019203e-05,1.0100000014112709e-06
1393,mp-510075,Au5Cs7O2,14,2.0000000001019203e-05,3.900000002943216e-07
826,mp-31503,Mg18Sn10,28,2.0000000001019203e-05,1.0199999993520947e-06
712,mp-11116,Cd2Cs2Se6Y2,12,2.0000000001019203e-05,1.1299999989056175e-06
1124,mp-1216763,O6Ti2V2,10,2.0000000001019203e-05,1.680000000892079e-06
1130,mp-989524,La2N6W2,10,2.0000000001019203e-05,1.9000000004432138e-06
459,mp-22356,Hg2In4S8,14,2.0000000001019203e-05,8.199999990132767e-07
583,mp-1178403,Cs4O6Ti2,12,2.0000000001019203e-05,3.4600000029527678e-06
1383,mp-1205533,I6Sn2Tl2,10,2.0000000001019203e-05,5.999999990180527e-07
158,mp-505634,Cs4Te6,10,2.0000000001019203e-05,2.400000003177638e-07
589,mp-1206689,As4Cs4Ni2,10,2.0000000001019203e-05,8.399999995578611e-07
1379,mp-1078965,Cs4Pd2Sb4,10,2.0000000001019203e-05,3.800000001330517e-07
882,mp-1021484,Ce3Se6,9,2.0000000001019203e-05,5.89999999300872e-07
1331,mp-863261,As4Cd2Sr4,10,2.0000000001019203e-05,7.299999995602491e-07
257,mp-36358,Ca2Gd4S8,14,2.0000000001019203e-05,1.6899999955022338e-06
689,mp-1080747,C2Al2O2Sc2,8,2.0000000001019203e-05,2.609999999680923e-06
1046,mp-1245429,Mg2N4Zr2,8,2.0000000001019203e-05,2.040000000036457e-06
588,mp-1206558,As4Cs4Pt2,10,2.0000000001019203e-05,2.2000000043931323e-07
592,mp-1079149,Ba4Sb4Zn2,10,2.0000000001019203e-05,4.799999997473492e-07
1394,mp-1104130,Au4Ba2P8,14,2.000000000096369e-05,4.499999999296733e-07
1370,mp-8857,As4Cs4Pd2,10,2.0000000000797158e-05,2.700000000244174e-07
978,mp-753197,Hf4O16Ti4,24,2.0000000000797158e-05,4.670000015583042e-06
371,mp-14797,Pt4Rb2Se6,12,2.0000000000797158e-05,2.300000000454716e-07
595,mp-505633,Cs4S8Zn6,18,2.0000000000797158e-05,1.0700000001584442e-06
1413,mp-7206,Ag2O8Tc2,12,2.0000000000686136e-05,1.0099999991908248e-06
963,mp-27979,I6La2,8,2.0000000000575113e-05,7.200000005092022e-07
292,mp-28766,K4S6Ti2,12,2.0000000000575113e-05,5.299999989993864e-07
1042,mp-20805,F8Pb2Pd2,12,2.0000000000575113e-05,7.800000001688401e-07
704,mp-1103709,Br4Cd2I4Rb4,14,2.0000000000575113e-05,4.2999999938508893e-07
39,mp-1185959,Mg2S4,6,2.0000000000575113e-05,2.500000002569891e-07
279,mp-770618,Mg2Mn2O6,10,2.0000000000575113e-05,2.1500000004781583e-06
1372,mp-9856,Cs4Se6Zr2,12,2.0000000000575113e-05,2.900000009020687e-07
942,mp-989638,Ca2N6Tc2,10,2.000000000046409e-05,1.3100000000321188e-06
60,mp-974434,F8Ru2,10,2.000000000035307e-05,5.400000000488347e-07
832,mp-571442,I6Y2,8,2.000000000035307e-05,2.900000012351356e-07
751,mp-1078443,As4Se6,10,2.000000000035307e-05,5.299999996655202e-07
714,mp-556405,C2F2La2N4,10,2.000000000035307e-05,2.2699999970843265e-06
941,mp-989616,Ca4N12W4,20,2.000000000035307e-05,6.3700000048072525e-06
705,mp-11925,Cu8Rb4Se16Ta4,32,2.000000000035307e-05,4.6000000164525545e-07
232,mp-1206532,F4NiTl2,7,2.000000000035307e-05,1.0699999994923104e-06
188,mp-11639,Ge2Rb4S6,12,2.000000000035307e-05,7.099999992377093e-07
1380,mp-1079513,As4K4Pt2,10,2.000000000035307e-05,4.1999999988995285e-07
1364,mp-18726,Cr2Ni2O8,12,2.000000000035307e-05,1.5499999999057934e-06
841,mp-14506,Al14Te20,34,2.0000000000242046e-05,5.600000014815976e-07
597,mp-573947,Cs4Mn2Se4,10,2.0000000000242046e-05,2.3000000171080615e-07
1154,mp-997036,Au2Cd2O4,8,2.0000000000186535e-05,3.2999999996508045e-07
658,mp-1445093,Ca2CrO6W,10,2.000000000015878e-05,6.200000000067263e-07
1461,mp-12385,Ba2O6TaY,10,2.0000000000131024e-05,1.1799999999340116e-06
828,mp-22849,Bi2I6,8,2.0000000000131024e-05,3.69999999305648e-07
1368,mp-643023,H8Mg4Ru2,14,2.0000000000131024e-05,1.530000000471432e-06
782,mp-23185,F8Xe2,10,2.0000000000131024e-05,6.700000003689865e-07
179,mp-556422,Cl12Nb4O4,20,2.0000000000131024e-05,1.6500000021846262e-06
324,mp-1018630,As2Be2Ca,5,2.0000000000131024e-05,6.000000003503203e-07
189,mp-1206230,O2Rb2Tl2,6,2.0000000000131024e-05,3.500000005374204e-07
1444,mp-18126,Cu2Se14Sn2Tb6,24,2.0000000000131024e-05,8.600000003244901e-07
644,mp-1222661,CdLi2MgP2,6,2.0000000000131024e-05,4.799999997473492e-07
645,mp-550553,Bi2Cd2Cl2O4,10,2.0000000000131024e-05,1.2499999977322318e-06
399,mp-22991,Cs2I6V2,10,2.0000000000131024e-05,2.1000000016702103e-07
413,mp-505212,Au2Cs6O2,10,2.0000000000131024e-05,3.2000000027565534e-07
888,mp-21255,Fe4Ge4,8,2.0000000000131024e-05,1.2000000002565514e-06
272,mp-30943,Mg2P2Se6,10,2.0000000000131024e-05,4.900000003527083e-07
325,mp-1097065,HfLi2N2,5,2.0000000000131024e-05,1.4300000001910007e-06
190,mp-1219343,Cu4Sc4Se8,16,2.0000000000131024e-05,4.900000004082194e-07
1000,mp-21179,Ni2O8W2,12,2.0000000000131024e-05,1.199999999368373e-06
407,mp-28691,I2Ta2Te8,12,2.0000000000131024e-05,2.6999999980237277e-07
1318,mp-13542,Ge2Te8Zr2,12,2.0000000000131024e-05,5.699999999775329e-07
1034,mp-28744,Br8Os2Y8,18,2.0000000000131024e-05,1.849999999858909e-06
1457,mp-574620,Cs2Se6Y2Zn2,12,2.0000000000131024e-05,4.900000032392882e-07
725,mp-18805,CoMoO6Sr2,10,2.0000000000131024e-05,9.500000013318299e-07
752,mp-1206891,I6Rh2,8,2.0000000000131024e-05,2.3999999981816345e-07
657,mp-1216423,Ag3HgO4V,9,2.0000000000131024e-05,1.66000000012545e-06
661,mp-1206187,Cl6LiRb2Rh,10,2.0000000000131024e-05,7.20000000065113e-07
233,mp-1206640,F4FeRb2,7,2.0000000000131024e-05,5.399999993827009e-07
1341,mp-754113,Cl2O2Tm2,6,2.0000000000131024e-05,8.400000002239949e-07
943,mp-989643,Co2La2N6,10,2.0000000000131024e-05,1.1299999994052179e-06
561,mp-541037,Cs2Cu2O2,6,2.0000000000131024e-05,5.300000001096095e-07
1050,mp-989604,Mo8N24Y8,40,2.0000000000131024e-05,4.899999986651693e-06
507,mp-31114,Ga2Ho6O12,20,2.0000000000131024e-05,1.440000004571118e-06
1390,mp-1069771,PdRb2Se2,5,2.0000000000131024e-05,2.9000000034695717e-07
992,mp-30216,I12K4Re2,18,2.000000000010327e-05,3.9000000023881043e-07
290,mp-19913,Ba6In4P8,18,2.000000000010327e-05,6.700000002579642e-07
944,mp-1025340,Cu2Se4W,7,2.0000000000075513e-05,1.4000000003733248e-07
612,mp-35236,Ga4Ni2O8,14,2.0000000000075513e-05,2.7499999990521218e-06
1407,mp-37829,La5Se8Tl,14,2.0000000000072043e-05,1.2100000015280443e-06
530,mp-1029791,Mg4N8Sn4,16,2.0000000000047757e-05,5.900000008551842e-07
1009,mp-37183,Gd4S8Sr2,14,2.0000000000047757e-05,3.200000000039543e-07
722,mp-1221831,Fe2Ga2Mn2O8,14,2.0000000000047757e-05,7.300000022247843e-07
402,mp-1029699,C3Cs6N6,15,2.000000000003388e-05,1.2000000000345068e-06
1156,mp-1019595,Ce5O16Zr3,24,2.000000000003041e-05,5.2699999923966345e-06
1115,mp-643683,H4Ba10Ga12,26,2.000000000002347e-05,8.499999983868634e-07
1454,mp-12011,Ge2K2S8Tb2,14,2.0000000000020002e-05,3.700000013040494e-07
750,mp-1025442,I6Ir2,8,2.0000000000020002e-05,3.799999999942738e-07
291,mp-28011,S6Sn4Tl4,14,2.0000000000020002e-05,7.000000006307516e-07
210,mp-35687,C4Be2N4,10,2.0000000000020002e-05,1.299999999870849e-07
494,mp-30532,I8Tl4Zn2,14,2.0000000000020002e-05,5.400000003819017e-07
284,mp-1401720,Ca2F10V2,14,2.0000000000020002e-05,4.800000006355276e-07
1125,mp-1540546,F6Pb2Rb2,10,2.0000000000020002e-05,6.099999984021665e-07
301,mp-567913,Au2Cs2Se6,10,2.00000000000161e-05,3.5999999994928977e-07
995,mp-551873,Bi2Ca4O,7,2.0000000000013063e-05,6.100000002895456e-07
366,mp-1029479,Ca2In4N4,10,2.0000000000000486e-05,7.20000002285559e-07
1160,mp-768479,O6Sc2Y2,10,2.0000000000000052e-05,4.800000050764197e-07
667,mp-607477,CsCu2Sc3Te6,12,2.0000000000000052e-05,1.079999999209491e-06
585,mp-1205511,Ni2P4Rb4,10,1.9999999999999998e-05,4.80000000413483e-07
713,mp-1214348,Ag2Ba2La2Te6,12,1.9999999999999212e-05,3.2000000049769994e-07
1449,mp-505166,CuErO8W2,12,1.9999999999992246e-05,8.599999998804009e-07
1387,mp-610744,Cs4Mn2Te4,10,1.9999999999992246e-05,1.399999998985546e-07
7,mp-137,Ge12,12,1.999999999997837e-05,5.299999996828675e-07
219,mp-8335,Ba2O4Zr,7,1.99999999999749e-05,1.2099999997516875e-06
209,mp-763464,MnO9Zr4,14,1.999999999996449e-05,3.459999996735519e-06
1406,mp-35264,AgPr5Se8,14,1.999999999996449e-05,9.599999959419847e-07
241,mp-7469,Cu4Na4O4,12,1.999999999996449e-05,1.1699999995506971e-06
1325,mp-567817,Ge2Hf2Te8,12,1.999999999996449e-05,5.90000000411095e-07
1047,mp-555769,Bi4O12Sc4,20,1.999999999996449e-05,1.3000000027574288e-06
1025,mp-556492,CoF6Pt,8,1.999999999996449e-05,6.599999995415828e-07
1431,mp-546561,Cr2Nd2O2S4,10,1.999999999996449e-05,7.199999996210238e-07
719,mp-551826,Br4NbOTl,7,1.9999999999940638e-05,4.799999997473492e-07
659,mp-673624,MgNb2O9Pb3,15,1.9999999999936735e-05,1.9100000023808406e-06
278,mp-754246,O6Sn2Ti2,10,1.999999999990898e-05,1.2000000024769975e-06
328,mp-1205774,Cs2F6Re,9,1.999999999990898e-05,8.300000005068142e-07
427,mp-12905,Ba6Cr2N6,14,1.999999999990898e-05,1.2999999978724475e-06
1415,mp-10419,N6Na8Re2,16,1.999999999990898e-05,5.299999994434756e-07
890,mp-1103842,Os3P12,15,1.999999999990898e-05,6.699999985926297e-07
767,mp-607450,In12Ru4,16,1.999999999990898e-05,2.7600000009897485e-06
1382,mp-1084770,Au2Bi2K4,8,1.999999999990898e-05,1.5999999991578306e-07
1152,mp-28926,Ba10N12Ti4,26,1.999999999990898e-05,1.77999999295686e-06
303,mp-752733,Ga4O10Ti2,16,1.999999999986648e-05,2.390000002572279e-06
652,mp-1078748,InO6Sr2Ta,10,1.999999999985347e-05,2.75000000282688e-06
586,mp-1205560,As4Pd2Rb4,10,1.9999999999797957e-05,1.8999999978897009e-07
1020,mp-1078834,F6LiRu,8,1.9999999999797957e-05,5.399999993827009e-07
393,mp-1080570,Br6Cs2Ni2,10,1.9999999999797957e-05,3.3000000021488063e-07
582,mp-1078709,Au2Bi2Na4,8,1.9999999999686935e-05,6.099999998454564e-07
701,mp-24052,H16Ca4Mg4Ni4,28,1.9999999999686935e-05,7.500000023252795e-07
246,mp-553961,Nb2O8Sc2,12,1.9999999999686935e-05,1.1900000003173261e-06
1061,mp-1205332,Br6Rh2Te12,20,1.9999999999686935e-05,5.800000009096704e-07
1385,mp-1205648,As4Ni2Rb4,10,1.9999999999575913e-05,3.900000002943216e-07
298,mp-19162,La2O8V2,12,1.999999999946489e-05,1.3000000018692504e-06
1310,mp-1385807,Ca3Fe2N4,9,1.999999999946489e-05,5.00000000069889e-07
1384,mp-1205641,P4Pt2Rb4,10,1.999999999946489e-05,3.00000000119649e-07
231,mp-644494,H8Pd2Rb4,14,1.999999999940938e-05,1.5999999947169385e-07
1136,mp-1206881,Li2S4Ta2,8,1.9999999999242846e-05,6.000000003503203e-07
798,mp-1540935,Ge3I6,9,1.9999999999242846e-05,3.599999989223335e-07
1446,mp-862670,C6Co2N6Sr6,20,1.9999999999242846e-05,4.6999999714358864e-07
670,mp-1223855,HgK2SnTe4,8,1.9999999999242846e-05,1.8999999928936973e-07
171,mp-1025377,Ag2CdI4,7,1.9999999999242846e-05,1.300000003201518e-07
485,mp-1019378,Al3GaN4,8,1.9999999999242846e-05,9.699999976575668e-07
1159,mp-643061,H14Mg6Re2,22,1.9999999999242846e-05,1.4499999989592283e-06
1171,mp-1029313,N2Na2Ru2,6,1.9999999999242846e-05,4.800000001914384e-07
1240,mp-1207448,Pt6Sb8Zr6,20,1.9999999999242846e-05,1.7000000021027972e-06
410,mp-570971,Ga6N10Sr6,22,1.9999999998798756e-05,7.100000023463338e-07
1334,mp-675436,O14Sm4Zr4,22,1.9999999998354667e-05,2.8800000078099686e-06
1386,mp-1213704,Cs6Li2Pb8,16,1.9999999998354667e-05,6.300000004455519e-07
392,mp-4044,Ag4Er4Se8,16,1.9999999998354667e-05,9.599999972742523e-07
405,mp-1118832,Ca4N4W2,10,1.9999999998354667e-05,4.2000000011199745e-07
1438,mp-561243,Cl3Cu3O6Sr6,18,1.9999999998132623e-05,1.2799999986601307e-06
520,mp-29898,Au8S6Tl4,18,1.9999999997688533e-05,4.999999994037552e-07
1241,mp-1212441,Hf6Ni6Sb8,20,1.999999999757751e-05,9.700000023205035e-07
1432,mp-756581,Li2Nd2O12Ti4,20,1.999999999746649e-05,5.459999996126896e-06
1347,mp-1029469,N8Sn4Zn4,16,1.999999999746649e-05,4.799999997473492e-07
715,mp-571189,Cu2Hf4Na2Se10,18,1.99999999970224e-05,5.610000002764792e-06
1113,mp-23336,Cl9Cs3Mn3,15,1.99999999970224e-05,3.199999993874769e-07
1395,mp-34501,Co4Fe8O16,28,1.9999999996800355e-05,2.1499999980356677e-06
1456,mp-12491,Cd2Cs2La2Te6,12,1.999999999657831e-05,3.599999995884673e-07
584,mp-1178405,Cs4Hf2O6,12,1.999999999657831e-05,1.4299999993028223e-06
682,mp-12485,Na2S14Si2Sm6,24,1.999999999657831e-05,1.089999999370761e-06
425,mp-29513,Cs4F28Xe4,36,1.9999999995246043e-05,1.3399999954089026e-06
1225,mp-4974,La4O14Zr4,22,1.9999999994801954e-05,8.07999999308251e-06
187,mp-1104183,Bi4Mn2Se8,14,1.9999999993913775e-05,1.4100000007566393e-06
957,mp-1210700,Mn2Sb4Se8,14,1.000000000672685e-05,9.600000026033229e-07
697,mp-1205833,Ba2NbO6Rh,10,1.0000000004950493e-05,1.6599999987931824e-06
8,mp-1016069,Cr4N8,12,1.0000000003174137e-05,3.699999999717818e-06
640,mp-1216579,BiSbTe4Tl2,8,1.0000000003174137e-05,1.6700000005087645e-06
1313,mp-18938,Mo2O8Tl4,14,1.0000000001841869e-05,5.999999999062311e-07
696,mp-1205825,Ba2MgMoO6,10,1.0000000001841869e-05,1.910000000382439e-06
18,mp-542812,Ga6Te6,12,1.0000000001841869e-05,4.900000003527083e-07
673,mp-7060,La2O2P2Zn2,8,1.000000000139778e-05,1.9599999983022087e-06
642,mp-1218189,CrLaO4Sr,7,1.0000000001175735e-05,3.2199999999704687e-06
199,mp-582549,In4Te10,14,1.000000000095369e-05,3.599999996994896e-07
1016,mp-34380,HoO4Ta,6,1.000000000095369e-05,2.1499999993679353e-06
1018,mp-1539667,Cl6Cs2Pb2,10,1.000000000095369e-05,2.199999997731794e-07
326,mp-1101917,Bi4SnTe7,12,1.000000000095369e-05,1.1800000021544577e-06
938,mp-561672,Cs4IrO4,9,1.0000000000731646e-05,9.400000007264708e-07
1427,mp-1399089,MoO6WZn2,10,1.0000000000731646e-05,3.2499999993440554e-06
607,mp-7608,Li2O2Pd,5,1.0000000000509601e-05,7.100000001258877e-07
996,mp-755100,Cs2NiO2,5,1.0000000000509601e-05,2.9000000068002407e-07
797,mp-985829,HfS2,3,1.0000000000509601e-05,1.1899999994291477e-06
486,mp-1019740,B3GaN4,8,1.0000000000509601e-05,2.5100000000666256e-06
997,mp-755756,O2TeY2,5,1.0000000000509601e-05,7.099999996817985e-07
1091,mp-996994,AuFeO2,4,1.0000000000509601e-05,1.1900000003173261e-06
600,mp-1069706,K2PdSe2,5,1.0000000000509601e-05,1.199999997147927e-07
976,mp-1219132,Mo2Re4Se8,14,1.0000000000509601e-05,5.199999999483396e-07
240,mp-7232,Cs2HgO2,5,1.0000000000509601e-05,3.600000004766457e-07
1093,mp-999265,RbS2Y,4,1.0000000000509601e-05,4.700000000301685e-07
1255,mp-1100408,RhSnTa,3,1.0000000000509601e-05,4.800000006355276e-07
1246,mp-1209302,Cl6Rb2Tc,9,1.0000000000509601e-05,2.600000005292813e-07
309,mp-1014244,N2ZnZr,4,1.0000000000509601e-05,9.599999994946984e-07
1312,mp-1218560,PbS4Sr3,8,1.0000000000509601e-05,7.20000000065113e-07
707,mp-1217825,S2Se2TaTl3,8,1.0000000000509601e-05,3.4000000059819513e-07
208,mp-689140,O8Pb2W2,12,1.0000000000509601e-05,9.60000000826966e-07
194,mp-656887,Ni3O4,7,1.0000000000509601e-05,1.0800000005417587e-06
57,mp-1018040,Mg2Se2,4,1.0000000000509601e-05,2.299999999344493e-07
9,mp-1217322,Se3Te3,6,1.0000000000287557e-05,4.6999999953056815e-07
677,mp-1008506,HBaGaSi,4,1.0000000000287557e-05,2.400000003177638e-07
1436,mp-1443834,Ca2O6TaW,10,1.0000000000232045e-05,2.3899999987975207e-06
277,mp-623024,CdF6Ti,8,1.0000000000176534e-05,7.599999991558803e-07
615,mp-998560,Cl3InSn,5,1.0000000000176534e-05,3.3000000032590293e-07
1441,mp-1219274,NbNi2ScSn2,6,1.0000000000176534e-05,3.499999994271974e-07
1119,mp-35308,CCuN,3,1.0000000000065512e-05,1.3999999992631018e-07
308,mp-1001780,CuLuS2,4,1.0000000000065512e-05,4.699999993640347e-07
234,mp-19252,K2NiO2,5,1.0000000000065512e-05,7.299999995602491e-07
1275,mp-30390,AuHoSn,3,1.0000000000065512e-05,2.300000001564939e-07
604,mp-22313,Na2O2Pt,5,1.0000000000065512e-05,3.500000000933312e-07
1451,mp-865269,Cu2Pb2Se6Tm2,12,1.0000000000065512e-05,1.0700000014907118e-06
804,mp-27396,Cl2Ni,3,1.0000000000065512e-05,1.8000000012730055e-07
170,mp-996995,AgMnO2,4,1.0000000000065512e-05,5.900000001890504e-07
1070,mp-1205863,F6Rb2Re,9,1.0000000000065512e-05,4.599999998688986e-07
1303,mp-961693,AuInZr,3,1.0000000000065512e-05,1.8000000023832285e-07
567,mp-756340,CrO4Ta,6,1.0000000000065512e-05,1.8999999999991246e-06
678,mp-1018093,HCaGaGe,4,1.0000000000065512e-05,4.799999999693938e-07
270,mp-1400616,F6WZn,8,1.0000000000065512e-05,1.1400000006211997e-06
364,mp-976876,C2K2Pt,5,1.0000000000065512e-05,4.799999998583715e-07
375,mp-1094066,AgS2Sc,4,1.0000000000065512e-05,6.000000003503203e-07
377,mp-29643,AsCuSe2,4,1.0000000000065512e-05,3.200000001993275e-07
723,mp-1223893,AgGeInSe4,7,1.0000000000065512e-05,7.800000003665986e-07
771,mp-22885,F2Xe,3,1.0000000000065512e-05,3.499999999823089e-07
651,mp-1219557,CuMnRbS2,5,1.0000000000065512e-05,4.1999999966790824e-07
522,mp-1226891,Cd3I3P,7,1.0000000000065512e-05,1.5999999991578306e-07
818,mp-1023935,MoTe2,3,1.0000000000065512e-05,1.200000001588819e-07
1391,mp-1206350,K2PdTe2,5,1.0000000000065512e-05,3.500000000933312e-07
104,mp-1180635,La2O3,5,1.0000000000065512e-05,7.000000006307516e-07
56,mp-567677,GeI2,3,1.0000000000065512e-05,1.4999999997655777e-07
691,mp-15572,Al2As8Ca6Na6,22,1.0000000000056838e-05,1.239999998681185e-06
1440,mp-1217120,FeNiSb2Ti2,6,1.0000000000051634e-05,8.299999993965912e-07
531,mp-3606,Mn4N8Si4,16,1.000000000002041e-05,1.169999999106608e-06
76,mp-1027525,Mo4S8,12,1.0000000000010868e-05,1.8000000112650127e-07
1170,mp-29196,CAuN,3,1.0000000000010001e-05,9.000000000813912e-08
621,mp-35907,La5Te8Tl,14,1.0000000000010001e-05,7.200000040619159e-07
606,mp-510076,Au5O2Rb7,14,1.0000000000010001e-05,4.600000003129878e-07
1092,mp-996996,AuCrO2,4,1.000000000000393e-05,9.300000001211117e-07
614,mp-1221515,MnSe5Zn4,10,1.0000000000003062e-05,2.5999999908599136e-07
211,mp-1009828,CBaSi,3,1.0000000000001327e-05,4.700000000301685e-07
1067,mp-1069695,Bi2Mg2Sr,5,1.000000000000046e-05,2.299999999344493e-07
1433,mp-549589,As2La2O2Zn2,8,1.0000000000000135e-05,7.000000010748408e-07
166,mp-753670,CaI4Pb,6,1.0000000000000053e-05,2.299999992683155e-07
353,mp-999472,LaNaSe2,4,1.0000000000000026e-05,1.200000001588819e-07
796,mp-971787,Br2V,3,1.0000000000000026e-05,5.999999996841865e-08
1056,mp-1023941,MoTe4W,6,1.0000000000000026e-05,1.4000000003733248e-07
1298,mp-924130,NiSnTi,3,1.0000000000000026e-05,3.600000000325565e-07
681,mp-978852,HGaSnSr,4,1.0000000000000026e-05,4.700000000301685e-07
55,mp-1023936,Se2W,3,1.0000000000000026e-05,1.8000000001627825e-07
1133,mp-1079772,Ca2In4P4,10,1.0000000000000026e-05,8.400000002239949e-07
1057,mp-1023954,MoS4W,6,1.0000000000000026e-05,3.299999998818137e-07
360,mp-753946,CoLiS2,4,1.0000000000000026e-05,3.29999999992836e-07
641,mp-1025276,AlNO3Sm2,7,1.000000000000002e-05,1.429999998858733e-06
602,mp-1070498,PtRb2Te2,5,1e-05,1.199999999368373e-07
856,mp-1018138,I2V,3,1e-05,1.299999999870849e-07
955,mp-1017534,CdSe2Zn,4,9.999999999999999e-06,7.20000000065113e-07
1054,mp-1014251,HfN2Zn,4,9.999999999999999e-06,9.599999994946984e-07
954,mp-1008556,AlGaN2,4,9.999999999999999e-06,2.399999998736746e-07
1439,mp-978847,HGaGeSr,4,9.999999999999986e-06,9.499999999995623e-07
819,mp-1018100,Al2Sb2,4,9.999999999999918e-06,2.399999998736746e-07
268,mp-866311,Bi3BrO4,8,9.999999999999593e-06,2.4999999759245384e-07
817,mp-1023926,Te2W,3,9.999999999999593e-06,3.49999999649242e-07
743,mp-995393,Li2S8,10,9.999999999996123e-06,9.999999997511999e-08
440,mp-27125,Cl8MnNa6,15,9.999999999996123e-06,2.199999994401125e-07
527,mp-988996,As2Fe2Sb2,6,9.999999999968368e-06,9.600000017151444e-07
718,mp-1221146,Na4PbSe6Si2,13,9.99999999995449e-06,3.0000000017516015e-07
601,mp-1070356,PdRb2Te2,5,9.99999999995449e-06,1.7999999979423364e-07
1251,mp-1008858,BiNdPd,3,9.999999999843467e-06,7.099999999038431e-07
54,mp-1023934,MoSe2,3,9.999999999843467e-06,2.299999999344493e-07
1102,mp-1065514,Te2TlY,4,9.999999999621423e-06,3.500000005374204e-07
183,mp-971712,CdS2Zn,4,9.999999999621423e-06,7.199999998430684e-07
367,mp-1067744,Se2TlY,4,9.999999999621423e-06,2.499999998128999e-07
163,mp-30240,Ca2CoO3,6,9.999999999177334e-06,2.6000000000192536e-07
650,mp-9077,Be4Nd4O14Si2,24,9.99999999518053e-06,4.409999994958724e-06
1422,mp-20778,Be4Dy4Ge2O14,24,9.99999999318213e-06,1.539999996635899e-06
1344,mp-1030663,Cs16N32Nb16,64,5.773159728050814e-14,2.0799999995643748e-06
525,mp-1029572,Ca16N32Ti16,64,3.8191672047105385e-14,1.7200000073103183e-06
1193,mp-865278,Al4Nb4Os8,16,1.5987211554602254e-14,4.289999993467575e-06
253,mp-29826,C8N16Zn8,32,9.325873406851315e-15,1.4500000027339865e-06
1167,mp-29379,Bi4K12Te12,28,8.881784197001252e-15,2.2999999660378023e-07
952,mp-606393,Br12Nb4O4,20,6.217248937900877e-15,1.3599999997282453e-06
874,mp-28029,P12Tc4,16,5.773159728050814e-15,2.9299999990684e-06
230,mp-28365,Au4Na12O8,24,4.440892098500626e-15,1.4999999999876223e-06
1348,mp-1245535,Cd4Ge4N8,16,4.440892098500626e-15,1.920000001653932e-06
420,mp-1102430,Ir4Sb4Te4,12,3.552713678800501e-15,9.599999968301631e-07
1166,mp-1227372,Bi4Ir4Te4,12,3.552713678800501e-15,4.799999997473492e-07
1356,mp-1095603,As4Se4Y4,12,3.552713678800501e-15,3.5000000142559884e-07
1248,mp-1208807,I12Sb4Sr12,28,3.552713678800501e-15,9.500000022200084e-07
262,mp-4008,As8Ge4Zn4,16,3.3306690738754696e-15,1.0700000003804888e-06
1164,mp-1218926,Pt4Se4Sn4,12,3.1086244689504383e-15,1.199999999368373e-06
1199,mp-865573,Er4Li8Tl4,16,2.6645352591003757e-15,6.999999999646178e-07
216,mp-1102830,S6Tl4Zr2,12,2.6645352591003757e-15,4.899999979102176e-07
1011,mp-4756,Sb8Sn4Zn4,16,2.6645352591003757e-15,8.300000002847696e-07
774,mp-1102055,As8La4,12,2.220446049250313e-15,6.400000002182438e-07
544,mp-1208879,Br4I4Sn4,12,2.220446049250313e-15,3.699999999717818e-07
424,mp-29168,Bi4Rb12Se12,28,1.7763568394002505e-15,6.900000035781062e-07
558,mp-30456,Bi4Li4Sr4,12,1.7763568394002505e-15,7.699999997612395e-07
556,mp-29238,Ag4Se4Tl4,12,1.7763568394002505e-15,4.6999999758767785e-07
672,mp-546011,As2O2Y2Zn2,8,1.7763568394002505e-15,7.80000000144554e-07
378,mp-30068,C3I3N3,9,1.3322676295501878e-15,1.200000000478596e-07
572,mp-570300,Cl12Mn4Tl4,20,1.3322676295501878e-15,5.499999990998816e-07
493,mp-961675,Ni4P4Sc4,12,1.27675647831893e-15,3.0000000050822706e-07
587,mp-1205610,Cs4P4Pd2,10,1.1102230246251565e-15,2.3999999915202963e-07
201,mp-618991,Cu8S4,12,1.1102230246251565e-15,4.400000000459592e-07
421,mp-1103228,Bi4Ir4Se4,12,9.992007221626409e-16,8.899999991429652e-07
903,mp-1009639,N4Pr4,8,8.881784197001252e-16,2.3900000005738775e-06
1256,mp-1100415,RhSbZr,3,8.881784197001252e-16,4.799999997473492e-07
451,mp-865986,Ca4Ge4Li8,16,8.881784197001252e-16,9.899999997564635e-07
716,mp-505431,As8In4K8Li4,24,8.881784197001252e-16,1.000000000139778e-06
370,mp-1220883,NaSbTe2,4,8.881784197001252e-16,4.699999998081239e-07
13,mp-1205567,Br6Y4,10,8.881784197001252e-16,6.69999999813875e-07
1300,mp-961665,Ga4Mg4Sc4,12,8.881784197001252e-16,8.999999989711682e-07
1187,mp-643002,H6Mg2Os,9,8.881784197001252e-16,1.250000000396767e-06
576,mp-974682,H8Ga4Rb4,16,8.881784197001252e-16,1.0999999883187783e-07
695,mp-18310,Ag6P12Si6Sn4,28,6.938893903907228e-16,1.7299999959252688e-06
1163,mp-1101765,Bi4Rh4Se4,12,5.273559366969494e-16,9.099999991879493e-07
1100,mp-865185,As2Be2Mg,5,4.440892098500626e-16,5.899999995229166e-07
538,mp-1029466,N4Na4Ni4,12,4.440892098500626e-16,1.679999998671633e-06
1245,mp-1185537,Cs2HgTe,4,4.440892098500626e-16,1.200000001588819e-07
1254,mp-1100405,RhScTe,3,4.440892098500626e-16,7.099999996817985e-07
481,mp-1078677,H6OsSr2,9,4.440892098500626e-16,8.600000001024455e-07
981,mp-1228809,AlReSi,3,4.440892098500626e-16,9.499999995554731e-07
679,mp-1207108,HAlBaGe,4,4.440892098500626e-16,7.100000003479323e-07
1342,mp-755689,Cl2Er2O2,6,2.220446049250313e-16,1.429999998858733e-06
1252,mp-1018118,PdSbTm,3,2.220446049250313e-16,3.600000001435788e-07
784,mp-27747,I8Pd4,12,1.1102230246251565e-16,3.29999999992836e-07
376,mp-1207095,AuPSi,3,5.551115123125783e-17,3.3000000021488063e-07
734,mp-990424,C8,8,3.469446951953614e-18,2.1999999999869346e-07
881,mp-984718,As2B2,4,2.0328790734103208e-20,5.999999996841865e-08
152,mp-614603,CsI,2,0.0,1.8000000001627825e-07
1002,mp-1009084,As4Be2Sn2,8,0.0,2.9999999998017063e-07
902,mp-1002124,CHf,2,0.0,7.100000001258877e-07
904,mp-1009820,CSn,2,0.0,4.800000001914384e-07
905,mp-1009894,CZr,2,0.0,9.600000003828768e-07
1215,mp-867249,AlFe2Ta,4,0.0,1.1999999998124622e-06
123,mp-13099,NY,2,0.0,4.800000001914384e-07
922,mp-10378,Cs3Sb,4,0.0,1.199999997147927e-07
921,mp-1000,BaTe,2,0.0,4.700000002522131e-07
488,mp-1207082,LiMgSb,3,0.0,2.399999998736746e-07
736,mp-611219,Hg,1,0.0,0.0
741,mp-1014013,P4,4,0.0,1.9000000006652584e-07
4,mp-165,Si8,8,0.0,6.000000000000154e-08
